/*
 Navicat Premium Data Transfer

 Source Server         : localhost_3306
 Source Server Type    : MySQL
 Source Server Version : 50740
 Source Host           : localhost:3306
 Source Schema         : dormitory

 Target Server Type    : MySQL
 Target Server Version : 50740
 File Encoding         : 65001

 Date: 23/02/2023 14:02:23
*/

SET NAMES utf8mb4;
SET FOREIGN_KEY_CHECKS = 0;

-- ----------------------------
-- Table structure for authority
-- ----------------------------
DROP TABLE IF EXISTS `authority`;
CREATE TABLE `authority`  (
  `authority_id` int(10) NOT NULL COMMENT '权限ID',
  `authority_pid` int(10) NULL DEFAULT NULL COMMENT '父权限ID',
  `authority_title` varchar(255) CHARACTER SET utf8 COLLATE utf8_general_ci NULL DEFAULT NULL COMMENT '权限中文名',
  `authority_name` varchar(255) CHARACTER SET utf8 COLLATE utf8_general_ci NULL DEFAULT NULL COMMENT '权限名',
  `authority_path` varchar(255) CHARACTER SET utf8 COLLATE utf8_general_ci NULL DEFAULT NULL COMMENT '权限路由',
  `authority_type` int(10) NOT NULL COMMENT '权限类型 0:路由权限 1:操作权限',
  PRIMARY KEY (`authority_id`) USING BTREE
) ENGINE = InnoDB CHARACTER SET = utf8 COLLATE = utf8_general_ci ROW_FORMAT = Dynamic;

-- ----------------------------
-- Records of authority
-- ----------------------------
INSERT INTO `authority` VALUES (1, 0, '常规路由', 'Common', '/common', 0);
INSERT INTO `authority` VALUES (2, 0, '用户信息管理', 'UserInfoManage', '/userInfo-manage', 0);
INSERT INTO `authority` VALUES (3, 0, '权限管理', 'AuthorityManage', '/authority-manage', 0);
INSERT INTO `authority` VALUES (101, 1, '欢迎', 'Welcome', '/welcome', 0);
INSERT INTO `authority` VALUES (102, 1, '个人中心', 'PersonalCenter', '/personal-center', 0);
INSERT INTO `authority` VALUES (201, 2, '职工信息管理', 'EmployeeManage', '/employee-manage', 0);
INSERT INTO `authority` VALUES (202, 2, '学生信息管理', 'StudentManage', '/student-manage', 0);
INSERT INTO `authority` VALUES (301, 3, '权限列表', 'AuthorityList', '/authority-list', 0);
INSERT INTO `authority` VALUES (302, 3, '角色权限管理', 'RoleAuthority', '/role-authority', 0);
INSERT INTO `authority` VALUES (303, 3, '用户权限管理', 'UserAuthority', '/user-authority', 0);
INSERT INTO `authority` VALUES (2011, 201, '浏览职工信息', 'BrowseEmployeeInfo', '', 1);
INSERT INTO `authority` VALUES (2012, 201, '添加职工信息', 'AddEmployeeInfo', NULL, 1);
INSERT INTO `authority` VALUES (2013, 201, '删除职工信息', 'DeleteEmployeeInfo', NULL, 1);
INSERT INTO `authority` VALUES (2014, 201, '编辑职工信息', 'EditEmployeeInfo', NULL, 1);
INSERT INTO `authority` VALUES (2021, 202, '浏览学生信息', 'BrowseStudentInfo', '', 1);
INSERT INTO `authority` VALUES (2022, 202, '添加学生信息', 'AddStudentInfo', NULL, 1);
INSERT INTO `authority` VALUES (2023, 202, '删除学生信息', 'DeleteStudentInfo', NULL, 1);
INSERT INTO `authority` VALUES (2024, 202, '编辑学生信息', 'EditStudentInfo', NULL, 1);
INSERT INTO `authority` VALUES (3011, 301, '浏览权限列表', 'BrowseAuthorityList', '', 1);
INSERT INTO `authority` VALUES (3012, 301, '添加权限', 'AddAuthority', '', 1);
INSERT INTO `authority` VALUES (3013, 301, '删除权限', 'DeleteAuthority', '', 1);
INSERT INTO `authority` VALUES (3014, 301, '编辑权限', 'EditAuthority', '', 1);
INSERT INTO `authority` VALUES (3021, 302, '添加角色', 'AddRole', '', 1);
INSERT INTO `authority` VALUES (3022, 302, '编辑角色', 'EditRole', '', 1);
INSERT INTO `authority` VALUES (3023, 302, '删除角色', 'DeleteRole', '', 1);
INSERT INTO `authority` VALUES (3024, 302, '更改角色权限', 'UpdateRoleAuthority', '', 1);
INSERT INTO `authority` VALUES (3031, 303, '更改职工权限', 'UpdateEmployeeAuthority', '', 1);
INSERT INTO `authority` VALUES (3032, 303, '更改学生权限', 'UpdateStudentAuthority', '', 1);

-- ----------------------------
-- Table structure for college
-- ----------------------------
DROP TABLE IF EXISTS `college`;
CREATE TABLE `college`  (
  `college_id` tinyint(4) NOT NULL AUTO_INCREMENT COMMENT '学院ID',
  `college_name` varchar(255) CHARACTER SET utf8 COLLATE utf8_general_ci NOT NULL COMMENT '学院名',
  PRIMARY KEY (`college_id`) USING BTREE
) ENGINE = InnoDB AUTO_INCREMENT = 18 CHARACTER SET = utf8 COLLATE = utf8_general_ci ROW_FORMAT = Dynamic;

-- ----------------------------
-- Records of college
-- ----------------------------
INSERT INTO `college` VALUES (1, '马克思主义学院');
INSERT INTO `college` VALUES (2, '文学与传媒学院');
INSERT INTO `college` VALUES (3, '化学与材料工程学院');
INSERT INTO `college` VALUES (4, '计算机科学与工程学院');
INSERT INTO `college` VALUES (5, '电子信息与电气工程学院');
INSERT INTO `college` VALUES (6, '外国语学院');
INSERT INTO `college` VALUES (7, '生命科学学院');
INSERT INTO `college` VALUES (8, '旭日广东服装学院');
INSERT INTO `college` VALUES (9, '地理与旅游学院');
INSERT INTO `college` VALUES (10, '体育学院');
INSERT INTO `college` VALUES (11, '经济管理学院');
INSERT INTO `college` VALUES (12, '美术与设计学院');
INSERT INTO `college` VALUES (13, '建筑与土木工程学院');
INSERT INTO `college` VALUES (14, '音乐学院');
INSERT INTO `college` VALUES (15, '政法学院');
INSERT INTO `college` VALUES (16, '教育科学学院');
INSERT INTO `college` VALUES (17, '数学与统计学院');

-- ----------------------------
-- Table structure for dorm
-- ----------------------------
DROP TABLE IF EXISTS `dorm`;
CREATE TABLE `dorm`  (
  `id` int(10) NOT NULL AUTO_INCREMENT,
  `dorm_build_id` int(10) NOT NULL,
  `dorm_number` int(10) NOT NULL COMMENT '宿舍号',
  PRIMARY KEY (`id`) USING BTREE
) ENGINE = InnoDB AUTO_INCREMENT = 1 CHARACTER SET = utf8 COLLATE = utf8_general_ci ROW_FORMAT = Dynamic;

-- ----------------------------
-- Records of dorm
-- ----------------------------

-- ----------------------------
-- Table structure for dorm_build
-- ----------------------------
DROP TABLE IF EXISTS `dorm_build`;
CREATE TABLE `dorm_build`  (
  `dorm_build_id` int(10) NOT NULL AUTO_INCREMENT COMMENT '宿舍楼ID',
  `dorm_build_name` varchar(255) CHARACTER SET utf8 COLLATE utf8_general_ci NOT NULL COMMENT '宿舍楼名',
  `dorm_build_manager` varchar(255) CHARACTER SET utf8 COLLATE utf8_general_ci NULL DEFAULT NULL COMMENT '宿舍楼负责人',
  PRIMARY KEY (`dorm_build_id`) USING BTREE
) ENGINE = InnoDB AUTO_INCREMENT = 45 CHARACTER SET = utf8 COLLATE = utf8_general_ci ROW_FORMAT = Dynamic;

-- ----------------------------
-- Records of dorm_build
-- ----------------------------
INSERT INTO `dorm_build` VALUES (1, '北苑1栋', NULL);
INSERT INTO `dorm_build` VALUES (2, '北苑2栋', NULL);
INSERT INTO `dorm_build` VALUES (3, '南苑1栋A', NULL);
INSERT INTO `dorm_build` VALUES (4, '南苑1栋B', NULL);
INSERT INTO `dorm_build` VALUES (5, '南苑1栋C', NULL);
INSERT INTO `dorm_build` VALUES (6, '南苑2栋A', NULL);
INSERT INTO `dorm_build` VALUES (7, '南苑2栋B', NULL);
INSERT INTO `dorm_build` VALUES (8, '南苑2栋C', NULL);
INSERT INTO `dorm_build` VALUES (9, '南苑3栋A', NULL);
INSERT INTO `dorm_build` VALUES (10, '南苑3栋B', NULL);
INSERT INTO `dorm_build` VALUES (11, '南苑4栋A', NULL);
INSERT INTO `dorm_build` VALUES (12, '南苑4栋B', NULL);
INSERT INTO `dorm_build` VALUES (13, '南苑5栋A', NULL);
INSERT INTO `dorm_build` VALUES (14, '南苑5栋B', NULL);
INSERT INTO `dorm_build` VALUES (15, '南苑5栋C', NULL);
INSERT INTO `dorm_build` VALUES (16, '南苑6栋A', NULL);
INSERT INTO `dorm_build` VALUES (17, '南苑6栋B', NULL);
INSERT INTO `dorm_build` VALUES (18, '南苑7栋A', NULL);
INSERT INTO `dorm_build` VALUES (19, '南苑7栋B', NULL);
INSERT INTO `dorm_build` VALUES (20, '南苑8栋A', NULL);
INSERT INTO `dorm_build` VALUES (21, '南苑8栋B', NULL);
INSERT INTO `dorm_build` VALUES (22, '南苑9栋', NULL);
INSERT INTO `dorm_build` VALUES (23, '中苑1栋A', NULL);
INSERT INTO `dorm_build` VALUES (24, '中苑1栋B', NULL);
INSERT INTO `dorm_build` VALUES (25, '中苑1栋C', NULL);
INSERT INTO `dorm_build` VALUES (26, '中苑2栋', NULL);
INSERT INTO `dorm_build` VALUES (27, '中苑3栋A', NULL);
INSERT INTO `dorm_build` VALUES (28, '中苑3栋B', NULL);
INSERT INTO `dorm_build` VALUES (29, '中苑4栋', NULL);
INSERT INTO `dorm_build` VALUES (30, '中苑5栋', NULL);
INSERT INTO `dorm_build` VALUES (31, '中苑6栋', NULL);
INSERT INTO `dorm_build` VALUES (32, '中苑7栋', NULL);
INSERT INTO `dorm_build` VALUES (33, '中苑8栋', NULL);
INSERT INTO `dorm_build` VALUES (34, '中苑9栋', NULL);
INSERT INTO `dorm_build` VALUES (35, '中苑10栋A', NULL);
INSERT INTO `dorm_build` VALUES (36, '中苑10栋B', NULL);
INSERT INTO `dorm_build` VALUES (37, '中苑10栋C', NULL);
INSERT INTO `dorm_build` VALUES (38, '中苑11栋A', NULL);
INSERT INTO `dorm_build` VALUES (39, '中苑11栋B', NULL);
INSERT INTO `dorm_build` VALUES (40, '中苑12栋A', NULL);
INSERT INTO `dorm_build` VALUES (41, '中苑12栋B', NULL);
INSERT INTO `dorm_build` VALUES (42, '中苑12栋C', NULL);
INSERT INTO `dorm_build` VALUES (43, '中苑13栋A', NULL);
INSERT INTO `dorm_build` VALUES (44, '中苑13栋B', NULL);

-- ----------------------------
-- Table structure for employee
-- ----------------------------
DROP TABLE IF EXISTS `employee`;
CREATE TABLE `employee`  (
  `usermark` varchar(255) CHARACTER SET utf8 COLLATE utf8_general_ci NOT NULL COMMENT '职工号，职工的唯一标识',
  `password` varchar(255) CHARACTER SET utf8 COLLATE utf8_general_ci NOT NULL COMMENT '系统登录密码',
  `name` varchar(255) CHARACTER SET utf8 COLLATE utf8_general_ci NOT NULL COMMENT '职工姓名',
  `sex` varchar(255) CHARACTER SET utf8 COLLATE utf8_general_ci NULL DEFAULT NULL COMMENT '职工性别',
  `telephone` varchar(255) CHARACTER SET utf8 COLLATE utf8_general_ci NULL DEFAULT NULL COMMENT '职工手机号码',
  `email` varchar(255) CHARACTER SET utf8 COLLATE utf8_general_ci NULL DEFAULT NULL COMMENT '职工邮箱',
  `portrait` mediumtext CHARACTER SET utf8 COLLATE utf8_general_ci NULL COMMENT '职工账号头像',
  `role` int(10) NOT NULL COMMENT '职工角色',
  `state` int(10) NOT NULL COMMENT '伪删除 1：存在 0：删除',
  PRIMARY KEY (`usermark`) USING BTREE
) ENGINE = InnoDB CHARACTER SET = utf8 COLLATE = utf8_general_ci ROW_FORMAT = Dynamic;

-- ----------------------------
-- Records of employee
-- ----------------------------
INSERT INTO `employee` VALUES ('admin', 'c93ccd78b2076528346216b3b2f701e6', '唔系_wzx', '男', '15935726841', 'wu.zexin6@gmail.com', 'data:image/jpeg;base64,/9j/4AAQSkZJRgABAQAAAQABAAD/2wBDAAMCAgMCAgMDAwMEAwMEBQgFBQQEBQoHBwYIDAoMDAsKCwsNDhIQDQ4RDgsLEBYQERMUFRUVDA8XGBYUGBIUFRT/2wBDAQMEBAUEBQkFBQkUDQsNFBQUFBQUFBQUFBQUFBQUFBQUFBQUFBQUFBQUFBQUFBQUFBQUFBQUFBQUFBQUFBQUFBT/wAARCAH0AfQDASIAAhEBAxEB/8QAHwAAAQUBAQEBAQEAAAAAAAAAAAECAwQFBgcICQoL/8QAtRAAAgEDAwIEAwUFBAQAAAF9AQIDAAQRBRIhMUEGE1FhByJxFDKBkaEII0KxwRVS0fAkM2JyggkKFhcYGRolJicoKSo0NTY3ODk6Q0RFRkdISUpTVFVWV1hZWmNkZWZnaGlqc3R1dnd4eXqDhIWGh4iJipKTlJWWl5iZmqKjpKWmp6ipqrKztLW2t7i5usLDxMXGx8jJytLT1NXW19jZ2uHi4+Tl5ufo6erx8vP09fb3+Pn6/8QAHwEAAwEBAQEBAQEBAQAAAAAAAAECAwQFBgcICQoL/8QAtREAAgECBAQDBAcFBAQAAQJ3AAECAxEEBSExBhJBUQdhcRMiMoEIFEKRobHBCSMzUvAVYnLRChYkNOEl8RcYGRomJygpKjU2Nzg5OkNERUZHSElKU1RVVldYWVpjZGVmZ2hpanN0dXZ3eHl6goOEhYaHiImKkpOUlZaXmJmaoqOkpaanqKmqsrO0tba3uLm6wsPExcbHyMnK0tPU1dbX2Nna4uPk5ebn6Onq8vP09fb3+Pn6/9oADAMBAAIRAxEAPwD9O6KKKACiiigAooooAKKKKACiiigAooooAKKKKACiiigAooooAKKKKACiiigAooooAKKKKACiiigAooooAKKKKACiiigAooooAKKKKACiiigAooooAKKKKACiiigAooooAKKKKACiiigAooooAKKKKACiiigAooooAKKKKACiiigAooooAKKKKACiiigAooooAKKKKACiiigAooooAKKKKACiiigAooooAKKKKACiiigAooooAKKKKACiiigAooooAKKKKACiiigAooooAKKKKACiiigAooooAKKKKACiiigAooooAKKKKACiiigAooooAKKKKACiiigAooooAKKKKACiiigAooooAKKKKACiiigAooooAKKKKACiiigAooooAKKKKACiiigAooooAKKKKACiiigAooooAKKKKACiiigAooooAKKKKACiiigAooooAKKKKACiiigAooooAKKKKACiiigAooooAKKKKACiiigAooooAKKKKACiiigAooooAKKKKACiiigAooooAKKKKACiiigAooooAKKKKACiiigAooooAKKKKACiiigAooooAKKKKACiiigAooooAKKKKACiiigAooooAKKKKACiiigAooooAKKKKACiiigAooooAKKKKACiiigAooooAKKKKACiiigAooooAKKKKACiiigAooooAKKKKACiiigAooooAKKKKACiiigAooooAKKKKACiiigAooooAKKKKACiiigAoopMjOO9AC0UYNIeOtAC0Um4etLQAUUUUAFFFFABRRRQAUUUUAFFFFABRRRQAUUUUAFFFFABRRRQAUUUUAFFFFABRRRQAUUUUAFFFFABRRRQAUUUUAFFFFABRRRQAUUUUAFFFFABRRRQAUUUUAFFFFABRRRQAUUUUAFFFFABR0oo74oAUtUTnJxUwTNPENAEOeaU8da86+I37R3ww+EkUr+KvG2jaXLHw1qbhXn+nlr81fNfjr/grv8ABzwwsiaHY6t4nlXhWhg8qNz7M1AH22kTyfdUkevanmzI9j9a/JzxZ/wWp8USiRfDXw+0uyDZCy6pdSTbffahUV414n/4Kv8Ax+8QRGO31nSdGHQNp2nBT/4+WoA/ckW44HmfPT/siAcy81/PNr37d3x58Q5+1/EfV1B/595Fi/8AQRXFX/7S3xU1SYyXXxB8RzE/3tRl/o1AH9J32VD0kp32TPRwa/mus/2j/inZf6n4geIo/wDuJzf/ABVdRpn7afxv0vHkfEvXRt6eZc7/AOdAH9FBs27YNRtbOP4a/BPw7/wU2/aE8Oyq3/CaDUkX+C/s4pQf/Ha9Q8N/8Fk/jDpn/IV0LwzrXb5raSD/ANAegD9mTER1Bplfmr4R/wCC1WnTiOHxR8PLi1Jxum0u8WRR+DLXvXgX/gqN8BvGKwx3niC58PXTnDJq1syIp/31+WgD6wpCcda53wd8UfB3xEtUuPDXibSNbhYZzY3iSfpXUiH0/wDHqAK+4/3TRuP9004iRT90Y9qTMnoKAFooooAKKKKACiiigAooooAKKKKACiiigAooooAKKKKACiiigAooooAKKKKACiiigAooooAKKKKACiiigAooooAKKKKACiiigAooooAKKKKACiiigAooAzR/+ugArP8AEviLSPBWhz6xrup2uk6bAMy3N5IsUaj3avnn9rn9u3wT+y5YS2ERHiLxtJF+50W3f/Vf7U7/AMK/+PV+N/x//am+IX7R+ttqXi/XJJrVHMlrpcEjJa23+7H0J5+97GgD9L/j5/wV38EeCBcad8OdNm8Z6mmVF7KfKs1P16vX5+/GP9vr4z/GiWW31HxQ+j6U5OLDRwbaMDsCV+Y180ck+tLsNAFm5vpbyd5ppHmnkOXlkOSTUG4r3zTSAOlAPrQAFi3U5pMnHWiigAooooAKKKKACiiigAooooA1tB8Tap4dvUutLv7nTrpPuzWkzROPxUivp34S/wDBS/43/C0RW8viH/hKNPjG0WutDzuP9/73618mZxS7j60Afs78Dv8Agrr8PvGpt7Dx7pk/gvUmwpuVbzrJj67h8wr7k8M+J9F8b6Nb6toWpW2q6ZON0VzaS7kb3r+X+vUfgt+0r8QP2f8AV47/AMF+IbvTfm3S2Rk32k3s0R4NAH9IBjA6VGSAcV8Yfslf8FMvCPx2ktPDvjJYfCnjJhsjV5MWN2f+mbt91vZvSvtSW0DKJVbKnkEHINAEdFA5GRRQAUUUUAFFFFABRRRQAUUUUAFFFFABRRRQAUUUUAFFFFABRRRQAUUUUAFFFFABRRRQAUUUUAFFFFABRRRQAUUUUAFFFFABRRRQAU1/umnUUASRDNfHn/BQf9uW1/Zs8Mt4W8KTxXHxA1KMiIqwK6dER/rG/wBr+6K+gvj18XNM+Anwk8Q+M9VlSRNMtzJDAx5mmI/dRD/eav54vif8RtZ+J/jfV/FOv3b3uqancG4nd2Jxnog/2V+7QBha/wCIL7xTqt3q+r3ct9qd1IZZ7mZizyM3JJrIZuwoY56U2gCSEZNfc3wN/wCCUnxA+Mfw907xXc+JNJ8L2+qQLcWdtdRPPK8bchm2/dr4WRtpr9Vv2b/+CsnhHwL8J/Dnhjxj4f1J9R0OwisFn01FdZVjUIp5b+6q0Acv/wAOS/Gh/wCak6F/4Lpf/iqD/wAES/Gn/RStC/8ABdL/APF190fs2fts+FP2qtT1S08KaHrUEGmxo899fQKLcM3RNwb7/HSvfdZ1e10jTpr68uI7Szt43mmmlbARF+834UAfzdfH74DeJP2d/iDd+EPE8UQv4EWVJ7dt0U0bDKsprzMjFfRv7dv7Q1p+0h8etS8QaUhTQ7OJdOsCTzJFGW/en/e3Vyn7N/7Lvi79p/xXeaL4XNvB9gthc3l3etsigTtk/hQB41QBmvv8f8Eavi738Q+FwPXzpf8A4iuW+KH/AASv+LHwq8Dat4muLrSNZtdOha6nt9OkfzvKQEsy7lHagD4pooPU0UAFFFFABRRRQAUUUUAFFFFAE8M7QsrqSrqcqwPQ1+pX/BOz/gobNJc2Hwy+Jl+LiFwlto2uTj5s9Ft5m9f7rV+V1WLW4a0lWRHKsCDkUAf1FzgRxRmPkHmoxyK+RP8Agmp+09N8evg8dF124Fx4r8NBbWd2b57m3C/upf8A2WvsAp/s4oAjooooAKKKKACiiigAooooAKKKKACiiigAooooAKKKKACiiigAooooAKKKKACiiigAooooAKKKKACiiigAooooAKKKKACiiigAHWnqMsB70wdalh/1i56ZoA/L3/gs38YJyPAfw6srnEUqya3fxqcZGdluD/5Fr8spzljX2X/wVn1iXUf2ttRjd8i20qyhUDsNhY/+hV8XEk0AFFFFABXZfCv4ea18V/Gml+FPD8JudU1KdYoo+w65Y+w/rXGqMmv2k/4JffsgxfCPwOvxB8R2ajxXr9ustrHMvzWNo4O3/gT0AfTn7M/7PWifs3/CrSfCGkbJZoY1lvrsLta6uSPnc/0+pr4f/wCCrf7X50+3l+DvhW82T3CCTxDcwNzGnVLb8erV96ftAeJfGPhX4W6vdfD/AMPyeI/FskfkWNqkqIEduPMYlhwvWvxb8SfsA/tK+INS1DVNV8B311qN5M1zcTvdwMZnbLO33/6UAfKvJOeua9v/AGX/ANqvxf8Asp+KrzXfCsVje/b4Ps13ZalG7RSqOV5R1IbPcV5H4i8Nar4N1m60rWdPuNN1G2cxzWt1GUkQj1Br1T9lX9nvWf2l/ixp3hfS1aKyH77U70j5bW3H3n+vYUAfrt+wr+1H8Uv2o9N1XxB4l8M6D4d8J2uILa5s1n824uP4tu9yu1a5f/gp3+1ba/CH4X3Xw+0edW8WeKrZ4pdoyba0IKu5/wBps7Vr33xZq3hj9kb4BvLpGmyDSvD1kltYaXZRtM883RF2L/E7feb/AHq/CP45+JPGvxH8da1428Z2GpxX+pTbmlu7Z444RgbIkJH3UHFAEX7N/wALtM+Mvxe8P+D9W12Lw3YapL5cuoSbdy/L91d38ROa/Sa3/wCCLXwyuf8AVfEvxBL/ANc0tm/9lr8nNG0W98Q6xZ6XptrJfX95MIYLeEZd2Y8ACv2h+EPgvwz/AME2/wBlTUvEnito7vxVqEaSXex8vdXJT93aRf7Kf/FNQB+bv7cf7LWj/ssfEPTfD+jeJbjxHFeWQu3F5Giz23zFdj7OM5FfM7Dk13Xxh+KGufGb4haz4v8AEFyZ9Q1OdpCAfljXJKovsBxV34M/BfXvjx8Q9J8GeF4En1O+bHmSHakS4yzsfQUAeb4Ioxmv0W+Kn/BHrxb4K+Hl5rWgeMbPxPqunwPPc6YLRod21clYWy24/wC9sr872QrnIxjrQBDRjFBPNfX37IX/AATz8U/tR+HpvEkurReF/C8c5gF1JAZpbhl++sSj+7QB8g0V9MftffsO+KP2Ub2wur6/h1zwzqBaO21W2iZAsi/8s5FP3Xr5nIxQAUDrRRQB9X/8E1fi1L8NP2pvDVu9w0On68/9lXC7sKd/3M/8CC1+9dxx7V/Mv8Hr5tN+Kng+7Rij2+sWcoYdsTpn+df0yXBM0Ub0AQ0UUUAFFFFABRRRQAUUUUAFFFFABRRRQAUUUUAFFFFABRRRQAUUUUAFFFFABRRRQAUUUUAFFFFABRRRQAUUUUAFFFFABRRRQAUA46UUjfdNAHwR/wAFUf2Ux8TPAsPxL8OWobX9Bi2ahFGvz3Nnn7x/2o8f+PvX41MhUkEYIOCDX9R4hiuIpIZo1lhkBV43GQwPBGK/FH/gov8AsSTfs/8AiyTxf4as2l8A6xcHmNcjTp3OfKbH8P3tp/CgD4bopWGGIHIB60lAEsGN3Nfvv8I/2/Pgj45+Hui3d9490Twrfi2jW40fVLhLaSFwu0rh+GX02+lfgMDimZoA/o2i/bQ+AqHLfFzwhnGMf2rFx+tEv7Z3wGdXdPi14RbaOQNWi/xr+cum0AfTH7e/xi8NfHb9o/WPEnhNN+kC2jtkugmz7SY1O6XFerf8Ez/2tPh/+zReeM7TxtJcacNb+zyQ6lBbPcBfK8z5CqDcB85/SvhJXKg47jFJk+tAH71t/wAFR/2aZF/eeN7jd3B0S9/+NGvG/wBq/wD4KFfs/wDxE+BPi7wxod9L4m1XV9PltLSB9IljEMrD5Jd8qLtCN81fj1Sgkd6APdP2PPjN4a+Avx90Pxl4p0qTV9JsllXbAitLDIy4WVAeNy9q/SXxL/wVQ/Zs8YW1vba/4a1/XYIWDxxX+kW06I3qN8v3q/GbNGaAPoz9tz4vfDj40fFK31v4a+Gx4d0lbRYph9kS2M8g/jKJx+VXf2B/jzpH7PX7QmmeINeRv7CureXT7yZBk26P0lx32lV/M18zZNBYnvQB+/3xL/b7+B/g3wNqmq6f450jxFqKwMbXStLuPMnnkK/Im0dP+Bfdr8D9T1E6hqN5cYx9okaTZ9WzVHNJ3z3oAaevpX61/wDBM39sr4beCvgnD8P/ABl4g0/wnqejyzTW9zqMnlQ3MUsry4VzxuBd+PpX5KUu7kUAfpr/AMFSv2rvh78VfC+h+C/BetWnie4trr+0brUNPl8y3jGx1WMN91m+b+H2r8yT1NSg5qI9TQAUUYxWv4c8O33iTWLLS9NtZL/Ub2VYLe1hXc8jnoAKAPZv2KPgdqXx1+P/AIX0azjZbK2u4tQv7krxFbxOrP8A99fd/Gv6Hbz5FRB2FfLv7A/7J1r+y/8AC9JtThSXxtraJNqcp6wL1S3X/ZXk/wC9mvpqWQyuSaAG0UUUAFFFFABRRRQAUUUUAFFFFABRRRQAUUUUAFFFFABRRRQAUUUUAFFFFABRRRQAUUUUAFFFFABRRRQAUUUUAFFFFABRRRQAUUUUAGSOlZ3irwpo/j/w3feH/EFjDqOmXsRhmt513q6n+VaNIML6j6UAfhl+3D+wbrv7NOtz65pKSap4AupC1vfKpL2xY/LHLn/0KvkDZjmv6idY0jT/ABPpFzpOsWcN/p90hjlt5kDI6H+8DX5b/tif8En9Qs7jUPFfwgMd5aMTNL4akIEqAZJ8hv4v9z6UAfl7QRmtXxD4a1Lwtqk+narZTWN5CxR4pkKkH8ayyMUAJTadTcGgAooooAKKKKACiiigAooooAKKKKACiigDNADqO9dP4L+Gnij4hahHY+HNB1HWrpzxHZW5kNfbvwD/AOCRXjzxsLfUviFqMHgrS2wxtUAlvSPoflX8aAPijwB8PfEPxO8SWvh3wvptzq+r3jBYbW2jLM3+8egFfsx+w9/wT50j9nOCLxZ4qWPWPH86cSKP3GnKRykX95v9qvffgV+zh8P/ANnfQ10zwVo0VmzKBcahIN1zM3+3Kef+A+wr1GR9w65oAi/nRRRQAUUUUAFFFFABRRRQAUUUUAFFFFABRRRQAUUUUAFFFFABRRRQAUUUUAFFFFABRRRQAUUUUAFFFFABRRRQAUUUUAFFFFABRRRQAUUUUAFFFFADvX34NLnPBJxSUUAeO/Hz9kn4aftGabJF4o8O2v8AaCL5cGqWoEd3Ge3zj7w/2T+lfm18cf8AgkP8QfBf2i++H9/b+NtNXLLYybbe9A9AG+Vvzr9h/wD9dSCZsYbDD0NAH8y3jT4YeKfh7qT2Pibw/qWg3cbFZIr61ePy/qcVy5ABIGCPWv6fvEfhPQfGdibPXNJs9Wtj1hvYUlX8mr50+In/AATW+AXxD86QeE38OXkuS1zoVy1uSfXZ8yfpQB+BNNr9ePFf/BFTwheb28O+PtW0/H3Y761iuM+xK7K8t1z/AIIseNbBHbTPG+i3p7JPFJH+tAH5s0YzX3rcf8Eb/jIozDq/hyYnsbl1/wDZarj/AII6fG0n5r/w1H9b1v8A4igD4SwaApPav0I03/gjL8V551F94m8N28XcxySP/wCyiu30T/giXrLkf2p8SLW39fsmns3/AKE9AH5gUV+zPhr/AIIz/C/Tgj694q13VpF6iNooVb/x0n9a9u8F/wDBO79n/wAEBPsvgG21C4TpPqk0tz+jNtoA/BTwz4R1jxRfLaaXpN9qV1JxHDaWzSs35CvXPEX7Evxs8LeBpfFmq/DvVrDQ4l8yWWVE86FP7zw7vNUe+3Ff0C+FPB3hvwTaC08P6Fp2jQoMbbG3SMf+O1rXcEOoW0lrcQrNbSLskjYZDCgD+WwjBIru/gl4XXxb8W/BuiSRiddS1a1tTEf4laVQR+Vdn+2b8MrP4Q/tI+OfC2nKY9NtL95LSL+5FJ84H/j1esf8EuPhPN8Q/wBqbQtSlh83TfDKPqtwWHAcKViH13t/47QB+3Phvwdofgmwit9C0fTtJtQBsis7ZYl/Na1muZWJyR+Bp857Dp2FRUAM9fzooooAKKKKACiiigAooooAKKKKACiiigAooooAKKKKACiiigAooooAKKKKACiiigAooooAKKKKACiiigAooooAKKKKACiiigAooooAKKKKACiigdQPWgAxRipQhOODmlEJNAEOKMVY+zt70hgIFAEFFBGDSZ5x3oAWjkcUjAkcdakOLe3Msn3f43d/u0ANBPYmp90rAZOfrVC51vTbfSf7TlvbaKwjTe93I6+Wq/71fF3x4/4Kw/DH4W3k2leFbafx9rETFHazl8qyVvTzf4vwWgD7g3SjuajNxMDjJ/OvhH9j/wD4Ka3H7R/xitPAWueFIdCudTilawuLOdpQXjjaVlcMP7iNzntX3fInNACm4c96a0zEcuKi2Y59KdtoAQnd15ooooAjJ2sccVZhqs4OTxVmHpQB+Df7c+maj8YP24/GuleG7G41TUpb2KyhtbWPzHd1RVOB9a/U79g/9lKP9mH4SG31ERyeMNXf7Zq0y8lc8JEP91f/AB6vaPDfwn8F+CNa1LWNE8OabpesanK8t1qEUH7+dmyzbpfvfrXWvIM8fSgBsj7jUbNinHpnFRE5NAEtFFFABRRRQAUUUUAFFFFABRRRQAUUUUAFFFFABRRRQAUUUUAFFFFABRRRQAUUUUAFFFFABRRRQAUUUUAFFFFABRRRQAUUUUAFFFFABRRRQAnHeq2u69pHhLRrjV9b1O30vTbdd011dt5caD/easj4ieONE+F3gnVfFfiK8jsNK0qE3M0krDGP7o/2m+7/AMCr8KP2wf2zfE37UnihpZ5n0vwpbSONN0OJsKik/fl7MzUAfefx+/4K8+E/Cc11pXww0tvFt6uUOr3waCzA9VX77/8AjtfIXiv/AIKt/H3X53e01zTNFjb7kVpp0T4/F91fGruWPNNoA+qYP+CmP7Rluf8AkfGPs9jbsv8A6BXqvwy/4K/fFTw7cxJ4vstK8V2QI3FYhbyj33L8v8q+AieOvFJQB/RZ+zZ+1n4B/an0Ka68J3Tw6vaorXmj3g2XEG4e/wB5f9ta9lNrt6rtH1r+az4H/GLxF8CPiLpfjHwvOYdTsZASh/1c0f8AHE/+yw4r2f4t/tvfGz9pbUZNNOsXun6e8nyaD4cjeFQO6sU+eX/gbUAftf4o/aA+F/gW6+z6/wDEHw9pFxnBivNRiRh9Ru4r8s/+Cjn7c138UPFNx4D8Aa5Jb+CdOYpdX1hNtbVJe53Jz5S9P9qvJPhh/wAE5fjz8V/Ivm8Ky6LZTfvftuvSfZiynvsf5/8Ax2voew/4IteKJNKd734gabFqO3KwxWDumT1G/P8ASgD4Ab4weM4/BR8IL4n1NvDBm+0HSzcv5BfGM7M4ri8lmyTknkk1+g/wy/4JO+Or/wCN66D41lW18GwQrdz61pxyt0u/HlR5+65/Ra/UDQ/2WfhX4W8Ijw1p3gTQk0cpseCaySVpB/tufmagD+fT4MfFfWfgh8S9C8b6CU/tTSZHeJZfuPuRkYMPQq7V+l/wx/4LL6He3sNn4+8Fz6VHJtVtQ0u485Ij/eaJ/mrS/ae/4JLeGde0u51r4TO2hayimUaFcOz2lx/sxMfmibjv8vT7vf8AJ/xB4c1Pw1q95pmpWFxa31nK0FxFJGQyOpwVOaAP6XvCnifS/H/hnTtd0C+j1DSb+NZ7e5iOUkStM20ua/n8+Fv7dXxp+Cng+y8M+GPFSWeg2gfyLK40y3lCbjk/M8Rb/wAer2Dwz/wWC+N2kyKNSt/DmtQjGVlsGic/8CjfA/KgD9pvLPem1+ZfgT/gtLYSzonjHwFJb54afSbsOB77XGa+tPg/+3h8F/jhcQ2WleMbXT9YlA26brJ+ySMx/hQv8rn/AHc0Ae+lsngZo3kdfl+lSeWrAEEOp6FemKBEB0+X60AMznHekC5PA5FeWfFD9q/4SfBR5I/FvjnSbO9RQf7PhmFxdn/tlHuavmHxh/wWO+E2jTsmheHdf14jjcyR26/+PN0oA+8SkpHHIqLuRX50f8PrfC5niz8ONUji3/Oft6fd/wC+K9q+FX/BT/4G/FC9hsLzV5vCeozOAsesx+XCSegEq/Kf+BYoA+sFJHUHFPpttLBfWkV1ZzJc2sqhkkjIKkeoIqTGKAG0UUUAFFFFABRRRQAUUUUAFFFFABRRRQAUUUUAFFFFABRRRQAUUUUAFFFFABRRRQAUUUUAFFFFABRRRQAUUUUAFFFFABRRRQADrUife/xqMdaliGXFAH5l/wDBZj4z3emaN4R+GdhM8UGob9V1HacCVFbZEn+7uDN+VflCTk+tfd//AAWM8z/hqSw8z/V/8I5bbP8Av7JXwaaAHUU3Bqa1tZbuYQwxtLK33UUZJoAYOvrXsPwE/Zg+IX7ROr/ZfBuhT3VrG+yfUJPltrf/AH3/APZa+zv2Mv8Agl3c+KoNO8ZfFiGey0mRFns/Dcfyyy+8zfwL/sfer9U/CHhDSfA+gWujaDplto+l2yBIrOziEcaD2AoA+Bfgf/wR08GeHIbe/wDiTrN54m1BcMbDTn8i1T/ZLfff/wAdr7c+HvwO8D/CuzjtvCXhLStD2Lt861tkVyP9/G7Nd8vAp9AEcMQiXA69zUlFFABRRRQAVzEnw48L3Usktz4d0meWRy7ySWMTMzepJWunooA8+1n4B/DfxGrJqXgXw/dA9d2nRj+QFeJ+Pf8Agmv8CvHsNww8IjQLluk+jzNCwPsv3a+rMUYoA/Jf4u/8EY9W08TXnw48WR6mOSlhrkXlyj285PlJ/wCAV8JfFr4D/EH4E6wtj4z8N32gTsf9HuJVPlzf7kq8V/StWF4r8G6R410ubS9e0yz1nS51KzWl7AssbA9sGgD8VP2TP+ClfjD4A2kmh+L/ALV4y8Lopa3hklzd2r442O38P+y3rXK/tA/8FIfi38dnntbfUP8AhDvD8ny/2do8jIzr/ty/ebPFfV/7UP8AwSMsNV+3698Hrw6ZdEGU+HL5v3D/AOzDJ/B3+Vq/L/xp4D8Q/DjXrnQ/E2mXOjatbHEtpdJtdKAMa9vZLueSaeR5pnYs0jnLMfrVQtk80rHBptABk+tKjsjBlYqw5BBwRSUUAfa37DH7fGufADXbLw74ovrnVvh/dSLDJBM2+TT8n/WRf7PqK/bPTtYstd0y11LTriO8sbqISwzxHKujDKsK/l3DEdCa/ZH/AIJF/tDSeOfh1qPw01i68zU/DQ8yw8xslrR2+5/wB/8A0KgD79AxxnPvS0YxRQAUUUUAFFFFABRRRQAUUUUAFFFFABRRRQAUUUUAFFFFABRRRQAUUUUAFFFFABRRRQAUUUUAFFFFABRRRQAUUUUAFFFFABT0bkUyjOOaAPyt/wCC1Pw4kh17wF43iBaOe3l0qd9vdW81P/Q3r8wR1r+h39t/4GP+0L+zb4j8P2savrdoq6lpZcf8t4sMEB/213J/wOv57Zo2gneB4CjqxBVhgg0AQqN3QZr9e/8AgnZ/wT0tfCNhY/En4i2MU+vTIJdN0maLctmp5WV8/wDLX/Z/hrxn/gl1+xdD8SNcj+KHjGw8zw1pk+NIspUwL24U585s/wACdh/E3+7X7DwxIsS4UIMYwKAHRxrEioihFUYCqMACnYoxjgUUAOApaKKACiiigAooooAKKKKACiiigAooooAQgGvD/wBpb9knwF+0x4bksvE2nRxamiEWms28YFzbnt83df8AZr3GmHnrQB/On+1H+yP4x/Zh8YPp2v25udGuJMadrUCEwXadj/st/s814Njmv6cfiz8KPDPxl8IXPhnxZpkWp6Rcj5kZRvRuzI38LD1r8MP20/2MNd/ZU8YZRJtT8FajMTper7Mn18qb0df/AB6gD5dooooAK+uf+CWPjKbwt+2P4WtA+LbWbe7sZkPR/wBw8iD6741r5Gr6I/4J9RTv+2N8LjAuWXU8n6eU/wDjQB/QZdptkK9jUZ6Yqa6H7xPUcVCf9ZigAooNFABRRRQAUUUUAFFFFABRRRQAUUUUAFFFFABRRRQAUUUUAFFFFABRRRQAUUUUAFFFFABRRRQAUUUUAFFFFABRRRQAUAZIFFS2qBpCx6Dk0AeE/tj/ALUemfsqfCx9aaCK+168c2mlaeTxNL/eYf3Ur8UfhN4D179rX9oXTtKRBa3XiHUmm1Ce0j2RW8TNukfH+7n/AMdr1r/gp98aP+Fp/tP6ppFrN5mjeF1TS4FB+UzD5rhx/wAD+X/gFfXX/BHj4AjQPh/q3xP1OHbf6xK1lYb1wRap95h/vP8A+gUAffXw/wDA2lfDrwlpXhrRLcW2laZbpbQRgfwqK6gDFNjxjgYzT6ACiiigAooooAKKKKACiiigAooooAKKKKACiiigAooooAQjNcb8UPhh4e+L/g7UfC/ijT49Q0m/QpJA4yQf4WU/wn3rs6TaCelAH88n7Yv7J2sfsr/EubSplku/Dl9mfS9RZfkeLn5G/wBtc+tfO7IF4BzX9J/7RXwB0H9o74a6j4R8QKUScFrW8Rcvay4+V1r+e742/B7X/gd8RNY8I+I7b7PqOnylSQMLNGSdkq/7LAfpQB56Bk4r7V/4JLeBJfFX7Wul60UzbeHLC6vHYjozxNAv/o39K+LVXnIr9r/+CUHwBuPhd8EpfGGpW32fWfFkguIY5V+eOyH+pz7Py+P92gD7jnOZh+dRtyTT5OZT9KZ/CaAEopF+6KWgAooooAKKKKACiiigAooooAKKKKACiiigAooooAKKKKACiiigAooooAKKKKACiiigAooooAKKKKACiiigAooooAKo+Ktdj8K+ENY1hmCixs5bks3QbU3VerxD9uLxN/win7JXxLvQ21n01oA47+Yyof8A0M0AfgkYtU+LHxQ2W+651TxBqpSMHq0k0vX82r+j74RfD+0+GHw18OeFbGNI4NJsYbT5OhZVG4/i26vxD/4JlfDgfEP9rnwqZ4fOsNDim1abI+XdGv7sf9/Xir92NV8Qabodsbi+v4LKIcZnlWL/ANCoA11FPrgI/j58NmmMA8eeHPOX+A6rBu/Ldmuv0nW7LXLRLqwuoby2f7ssDhlP0IoA0KKTrS0AFFFFABRRRQAUUUUAFFFFABRRRQAUUUUAFFFFABRRRQAmK+OP+Chf7ISftJfDGTWdCtAnjvQ4mksJCMNcxfee2b8vl/2q+yKiK+3FAH86f7IHw28NfEP9o7wv4Y8cXn9k6JPdbZ0lQjzZlPyW7d13t8tf0L2FjBpOn29jawrBbwIsUUSABUUDsBX4z/8ABUX4FR/Bj48ad428Nwtp1n4lMl2WgJCRX6v+8ZB/DxtfFfox+w5+0lb/ALSvwI0zV551bxTpapYazADl1mXhZP8AdcfN+dAH0Ix3HrnNIx7elKOMk02gAoooYEDpQAYOOlA5GRTyBBCZZpBHF71zdx8TvAtjP5d34u0W2m/uSajEv/s1AG/vX1o3j1qDTPEWh69Hv03VrG/UjO62uElH/jtXTF3zQBHRQRSdaAFooooAKKKKACiiigAooooAKKKKACiiigAooooAKKKKACiiigAooooAKKKKACiiigAooooAQjIxXyp/wVF1L+zv2M/FUStg3NxaQfgZlz/IV9Wou5q/Pz/gsz8RbfRvg14T8GJKFu9Y1P7bLGDz5UKHr/wN1/KgD80/gT+0Z4q/Z2vtfvfCL2dtquqWoszf3EXmPBHv3N5Y7buOa5Lx78WPGHxM1F73xN4j1HXp3JJa7uWbPsF9K4scmk6UASO+0/7X8q9M+Ef7RPxD+C2pQ3XhLxbqekspx5CTF7dl7q0bHbivL6M0AftN+x7/AMFONG+Ml5Z+E/iL9m8O+LWxFBfK2y1vH9Pm/wBW3+Fff9fyw29y0EiSRkxyIcq6nkGv3t/4Ju/Hy5+O37OWm/2pdG68R6BIdMv5XbLTBeY3P/ACo/CgD60opB0paACiiigAoopM80ALRWJ4s8Z6N4G0G91rXtQg0vSrNDJPdXDbVQCvzP8A2kf+CwaWNxdaJ8JdI888ofEOqrhfrFb9f+BP/wB80AfqS0ir1YD6mse88YaPYSmKfVLGCUdVmuVT+dfzo/Eb9q34r/Fe5d/E3jrWbyFyT9mhumgi5/2EIWvMJtTuJ3LSXMsjdcySM5oA/qJs9Zs7+MPb3UFyD3glDj8xVsHIzX8veieM9c8N3AudK1u+0y4H3ZbS6eNh+XNe8fDH/gob8b/hc6JbeM7nXLJf+XXWl+0qfxbmgD+g+ivzf+A3/BYjwh4pki0/4l6NJ4Vv2IX+09O3T2bn1ZPvx/8Aj9foT4b8U6V4t0W01fRr+DUtMu0EkF1bPvjkX1BoA16KQMCM0tABSEZpaKAPjX/gql8Jv+Fi/st6hqVtAZdS8MXcerxFeoQfJIP++Xz+Ffmj/wAE8P2jX/Z9/aC043140fhfxAV07VEY/Km7/VSexRz/AN8lq/dnx74Xt/G3gzW9Au0WS21KzltJFb0dSP6g1/NF438O3fgDx7rmjzhob3StQlt3B4Ksj/8A1v1oA/ppfBjBFRKp2jiviX4D/wDBSH4Sab8EvBieOPF62/iiGwihv7dLaWWRWT5Pm2r/ALKn8a7zSP8Agpz+zxq9z5K+MpLU5wGu7GaMfqtAH1CkTN2x718qftjft++E/wBmG3l0ax8vxF43f7mmRzfLb+jzH+H/AHaP2vv26fC/wi+BSa/4K1my8Q65rxNroz2cyyJGwGXmbHQJ0/3mWvwy8T+ItR8W61eavq15LqOqXkpmubuZizyuTySaAPX/AI0ftjfFX466lLN4h8WXMdgZS8em6cxt7aP0UKvX/gXpXh1zcyXE7NLI7Mepdsmq5BBpKAN7w/4w1vwncpNo+tX+lzKch7S6eLH/AHzX1z8Dv+Cpvxd+FU9taeIb2Lx3oSYV7fU+LhU6fJKv/s4Y18UU4DHSgD+k34EfHLwv+0V8PrLxV4auUlhnUxTWshXzLWXHzRuvrXoOMcV+JH/BLP8AaBuPhX+0BY+E7mdhoXi5lspI2+6tz/yzf/2X8q/b6eMBg46N/OgCCig9aKACiiigAooooAKKKKACiiigAooooAKKKKACiiigAooooAKKKKACiiigAooooAKKKQjP/wBagBxuYrKF7ieRYoY/vM5wBX4D/t4/tAp+0N8e9Y1axl3+HdMZtN03/bjjP+sx6u3zV98f8FR/2xYvh14Qk+FvhK/U+JtYjKapcQt89laZHyf78g/8d+tfjjI+44B4H6+9ADDwaKngs5LqRI4FaeV+iIMmuktvhl4snXzIvCutSj/pnYzf/E0AcpRXR6h4C8SaeDJe+H9TtIx18+0lTH/fS1gMuGIoAjr9O/8Agil4gmj8XfEHQvNYW0tlb3giJ43q7IWx+FfmMea/T/8A4In+GpZPEHxB8QOuYha29kDjvuZqAP1nooooAKKKKAEPFcn8RviBovwu8Jan4n8RX8en6Pp0RlmmfqB6Cutr4B/4LKeKLnRf2ctA0y2mMa6rr8STKP4kSKVv/QttAH57/tmfto+J/wBqHxbNEJbjSPBlpMRYaKsmFOOksv8Aek/9Br5iJznJyfWmySl2ycn60zNAAetAOKKKACiiigBQxByDX1L+xv8Atu+Jv2W/FEUbvNrPgy7cC/0l3yFH/PWL+64/8er5ZozmgD+nL4Z/EnQPi54K0zxR4avUvtGv4hLbyoc4yOVdf4WX0rtV+6O/FfiF/wAEw/2srn4OfEuDwNr16w8H+JJlijMrfJZ3Z+449A/CtX7dwtuiU+1AD6KKKAGHnrX4Ff8ABSz4fjwD+154wEUXlWmseVq0KjpiVSHx/wBtEev33PSvyI/4LT+D00/4ieAvEqJiS+06Wzlf+8YpNy/+h/rQB3/7Fn/BP34OfGD9mjwz4s8UaddarrOrpI008V5JGYdrMgRAvTG3P41P8R/+CL/hi/hM/gjxld6PNyRb6xD50R9BkbW/M1L/AMEafi1Nr3w/8WeALmTcdEuI7+0B7RyjawH/AAJP/Hq/SoDjB5oA/nz+Of7B3xi+BjTzat4dm1zRLYZXVdHY3Nsq9vl++n/Alr5va3lizwRs+9ntX9TLwxuCGRSPcV8iftQf8E5/hr8eLW91HTNPh8H+MHBkXV7CPbDO3/TxF91/9771AH4OkhucUyvZf2gf2X/Hn7NnihtL8W6RJBbuD9m1SEb7W5X1R+gP+z97g14xigAp44plPAzQB2nwYvZrH4ueCJ7ZnjnTXLEoyHBB89K/pkvPljCjtX8+H7Bfwtn+LX7Uvgawjg8yx028TVr58Z8uGBg+f++tq1/QZdsfl+lAFYdBS0GigAooooAKKKKACiiigAooooAKKKKACiiigAooooAKKKKACiiigAooooAKKKQnaM0AL3xXy5+39+18n7MHw+t7HRGhm8b64kiWEUnzrbouN87qOoUHIzX1MgwPN7V+GX7Rmp6/+2v+3Fe+HNAl86Ca/Gi6ecZit7WLh5f93h396APlbxZ4o1Txv4j1DXNZvJL7VL+Zp57iU5aVmOSf89KxSNp5GPavpb9s79kjVv2TfHVlp7XE2qeHtSgD6fqrrs3suPMRvRlP/juK+aJG3MTQB98f8Eir3wND8ddZ07xNZ2U+tXunA6LLd7TtkU7pVTdxu2c/8ANfs8i20Y+WVFHoHAWv5cLO+nsZ45oJXilQhldGIZSDkEEV083xW8Y3NoLaXxVrL2w6RHUJto/DdQB/Sl4hu/DsNoRrU+l/ZWyG+3PHs/8AHq/Ab9uyTwPP+0l4mb4exWCeHR5a500DyGuAv73bt+X7392vB7zWr/UOLm+ubgf9NZS38zVMHjA6UANYYNfvP/wTC+Cc3wh/Zo0271GERax4jlOqXCYwY0biFD/wDDf8Dr8uP2EP2X7v9pH41abb3UDjwlpLrfatPj5SF+ZIgf7zt/47X762NjFp0EdvBGIoY1VEReAAtAGhRSA5FLQAUUUUAFfnB/wWuhP/AAqH4fXPUR67IhHb5rdv8K/R+vjb/gqp8OJPH/7KOrXVvGJLnw/eQ6oBjJ2LuR8fg9AH4Qsc80tDKRwRjHUHtRQB7N8IP2Rvij8c9JudU8H+E7rV9Pt28trgssSM/ojE/NXpUP8AwS9/aFuQCPBaxZ/hkvoRj/x6vtX9kb/gol8EfAfwI8M+F9anl8I6jpNstvcWzWrzCWUDmVWX+9x2r19/+Cp37PFsOfFl5MfRNMmP9BQB+T3xh/Ye+LfwL8Ht4k8XeGltNHjkWKS5trhZ/KJ6F9vQV89tjtX6jft2/wDBSLwH8YPgxe+Bfhy15fS6wyi+vLy2e2SGJG37VRvvMzIo/wD11+XB60AFA60UUAXbG8lsJknhYpcRkNG4P3TX9IX7K/xLPxZ/Z68B+LJZBJcajpkRmI/57IPKkz7742r+bKv36/4JiW8sH7EHw6SbrsvpEP8Astf3DCgD6r60tIpyoNLQAV+cf/Babw2b74Q+CNaC5FjrDwE46CWL/wCwr9HK+F/+Cw9p537JkcoGWg8QWb/gVlB/mKAPib/gkT4l/sf9qR9MJO3VNKuIioOA23a2K/b49a/Bb/glic/tl+FD/wBO91/6Iav3poAfSHpS0UAcD8WPg/4Z+M3g688NeKdMi1bSrpSNroC6HsyH+Fv9qvwz/bR/Yu8Qfss+MM/vdU8IXxJ07VWXkDtFJ/t1/QSelcF8W/hJ4e+M/gbVPCXiWwjvdJvkKyAKN6P/AAyKezCgD+ZdhjI71LAMmvV/2lv2e9a/Zu+KWo+FNYHnwqTLY3yj5LqAn5Xz+hr63/4JpfsNL8T9Stfid4xijm8J2NzusNPYZF9Mn8Tf7CsPxoA+n/8Agl5+ytL8HvhfP438Q2vleKPFCpJFHIv7y3sv4Eb3flvxWvt2V5XkJ7DpTklwpjiRYo1IQbQB7Hj0/wAaM0AM579aKKKACiiigAooooAKKKKACiiigAooooAKKKKACiiigAooooAKKKKACiiigAo60UUAcr8ZPFC+Bfg54z8RyMUTS9KubvcOo2xsa/MP/gjZ4PXxR8WvHnjG/Ky3mn2CRI8gyQ87vuYfhHX3J/wUL8QP4d/Yw+JdwjY82yitD9JriKI/o9fI/wDwRNkiNr8UI8fvx9kJP+z++x/M0AffH7QvwE8PftH/AA71Lwf4jgxFKN9peBQZLWYD5ZEPr7fWvwY/aN/Za8Zfsz+LpdF8S2RktZJGNlqduC1vdR9irf3v9nrX9HuBnOK5D4j/AAu8M/Frw3ceH/F2iWevaTOfmhvIg2w/3kPVW9CKAP5je+KToa/X74r/APBGzwr4h1C6uvAnii78OCRiY7HUY/tUMfsr53/99V5rp3/BE7xSt0rX/wAR9J8gdorCXcf/AB6gD8yc19Kfsu/sRePP2m9Xi+wWv9j+GBt+069eRlYVX/pl/wA9Gr9MPgr/AMEnPhH8N7iC/wDEa3fjrUIm3qmokR2iN7RLww/3s19paPo9h4e0+Gw06zhsLOFQkcFvGERQOAAFoA86+AvwD8Lfs4+ALLwv4YtVWCJQ9zdyr+9uZMcyOe5/lXoGp67p+jxrJqV/b2KOcI1zIsYY9wC1auA3Jr8+f+CxHgjWNc+CHh3xBpizG10TUHe8SP8AgWVNu4/8CoA+9LDxLpepgfZNQtbnPeKZWH5g1p1/LtaeKdb00xfYtWv7fb08q7Zf/QWr0Hwh+1H8XPAF0txoXxA8Q2Mg6g3zTIf+AvuWgD+kjNLXx1/wTq+P/wASPj98NL/VfHVlGYrWdbex1ZI/La8Cg7yy569K+xaACsnxN4fsvE+i3mm6hClxZXUTRSxuMgqRg1rUnWgD+eX9s39lbVv2YfihfaXLG03hu+kafR748rLD/dY/3l6fnXzr61/RV+13+zhpn7Tfwn1LwvciO21WL/SdKvSuWhuV+6P9xvut/vCv5/vH/wAPtZ+GHi/UvDXiKyfTtW0+Typ4HX7rj+anrmgDkycminP94/d/Cm0AFGec0UUAKTxSUUqjNAG94H8Hah498T6ZoOlxtNqGoXMdrBGq5LM5wK/pN+DHgCL4VfCrwl4TtVVotJ06C1O3oWVQHP5k1+dv/BKX9ju6s7mH4w+LNPMaFGXw/b3A5/utdY+m5V/+vX6ljjpQA4DAxS0UUAFfEP8AwV9mEP7Icynky67ZqPykNfb1fnx/wWd8QJY/AHwlpDHB1DxAkg5/55RPnP8A33QB8bf8EldAk1D9rayvMfJYabdSt/3yqf8As1fubX5I/wDBFvwa934s8deK5Ysx2ttDYI/+277m/Rf0r9bx1oAdRRRQAUmBmlooA+QP+CjH7MafH/4H3l/ptureLfDaveWMgX5pkxmWH/ga/wDjwFfn3/wTT/axuPgd8UI/BGv3bR+DvEMyxfvj8tldZ2pJ/ut91q/bl4925SAVbqD0NfgF/wAFAvgk3wE/aa8QQafGbbR9Vl/tjTWX+BJCGZBx/A5YUAfvmw+d5Bs2H9aZkbeOlfP37Bfxu/4X3+zX4d1i8mEutacraVqW77xmiwA5/wB9NjV9AhQBxQAlFFFABRRRQAUUUUAFFFFABRRRQAUUUUAFFFFABRRRQAUUUUAFFFFABRRRQAUUUUAeE/t5+E28Z/sf/EzToxulTTPtipjr5EiTH/0XX5wf8EivipZ+Cfjtqvhm9cRJ4ms/Jt5Ccf6RGQ6J/wACG4V+xev6Ha+KPD+paPeRiS2vrWW2lU9CrqVI/I1/ONr9hrnwD+Nl5b2rTWOteGNafyJlOHjkilGxx+S0Af0spgop9RSYrzT9nD406V8fvhFoHjPSyqC/gBuIFOfInHEiH3Br03NACDNGzPWnUUAJgUAAUtFABWL4p8Nad4w0W90fWLOO+0y9iaC4t5V3LIjDBBrapMUAfmB8V/8AgjNa6z4rubzwH4zj0TR5T5iadqdu0nkEk5VWXnFWvhZ/wRm0DR9XS68eeL5tdtYjkWOlRG3Wb13u3zflX6akA0YFAHPeD/BeifD/AMOadoXh/TINJ0iwhSC1tbZAqRoBjFdFSYFLQAUUUUAMeJX7YPqOtfJ/7av7EPhv9qrQpdTtzFo/juygK2uqquUnQfdil/vL6N/DX1nRQB/NT8Y/2b/H3wD1ybTvGXhy80/DYhuhGXt51/vJIODXl5Az0r+o3xV4S0bxppb6br2lWesWDg7re9hWVD+Br5b8b/8ABLv4BeNLmW4XwzdaFPJ1Ok3jxJ/3x92gD8FB1qQAYr9uNP8A+CPPwMtp8zXHiK7H/PN78IP0WvVfAX/BPD4EfDpo3sPBFtqF1Gfln1dmu3/N6APxH+EP7NPxH+N95HD4Q8IajqiMcG8MDJap/vSn5a/S39mP/gkj4c8EXFpr/wAU72LxLqqlJItItv8AjyjPpL3k/wDQeK/RHStGtNDs47SwtIbO2jAVIoUCIo9AFGKtum4g4oAisLC30yzhtbWFLe2hQRxxRKFVFHQADoKtAUijAp1ABRRSHpQAE1+Rn/BaHx0mo/EHwR4Sin8xdOsZb+eIHIDytsQ/XCNX62XMwghkdjtVQSST0r+fv9o3xZf/ALXH7Zmpf2Uz3Mes61Foulxrx+5RhEn/AMV/wKgD9Ov+CUPwsbwB+yzY6rd2zQX/AIlvJdTbf18r/VRD/vmPd/wOvs+ua+HvhOz8CeCdB8OWUYitNKsorRFXoNihf8a6WgB9FFFABRRRQAmK/OT/AILI/CaLXvhP4d8eQQ5udCvvsNy4HJgnHy59hLt/77r9HK8Z/bE+H/8Awsz9mj4haAkYkmn0qWaEEZ/exDzY/wDx9FoA/Pb/AIIw/En7L4q8aeBbiX9zeQRalbxk4AdPlfH4NX6tMu1iD2r8K/8Aglx4hOgftj+FYmbyob+2urN1P8W6Fmx/30lfuvMPnz6gGgCGikLAUtABRRRQAUUUUAFFFFABRRRQAUUUUAFFFFABRRRQAUUUUAFFFFABRRRQAUUUq8EGgCSI/MfWvx5/4K7/AAPHg74wab8QbGAx6b4mtttyyD5FvIgAP++02c/7NfsInyCWSbEMQ/5aGvij9tv4y/Ab4xfDPXvhrqHxG0SDxZF+9sMO8iQXaZKhpUGxf7v3v4qAPiv/AIJkftbR/AT4hzeEvE92U8FeI5kiaWRvksbr+GX2V/ut/wAAr9t4J1njV43DowDKynIYHoRX8tMryQzDaTGyHja2CCDx/T8q/Vj/AIJuf8FCIr2PTvhV8SNQENwoW30LWLp+HHRbeV/XptY/TtQB+oqnIp1QxyAgMDkYzUtAC0UUUAFFFFABRRRQAUUUUAFFFFABRVa5v4bSCWaaRYYoxlnc4Ar4N/aG/wCCtXgH4Z3Vzovgi1bxvrUfyPdpJ5djC3+/1k/4B8v+1QB99dabX42+E/8Agst8QtP8QmbX/C+k6ro5bH2WzJtnRc/wOdxr6n8D/wDBYT4La/bx/wDCQWuueFZ24bzbb7VGp/3o/m/8doA+6sDOe9L1r5l03/gpL+zjqaKyfE2zgJ/hubG6ix/31FUl5/wUf/Z0sBuk+J2nyLnH7i1uZD+QioA+lhxRXxn4h/4K0/s+6KzrZ6vrGulen2DSpV3fjKEFfEv7Sv8AwVh8a/EsS6T8Olm8EaK+VN6HDahP2++P9V/wH1oA/Uz4w/tVfDH4FW0j+L/FVnZXaDd/Z0Dia7YdsRLz+dfD3xW/4LR6LZPNb+AfBd3fyK2Evtal8qIj18pPm/8AH1r8rNX1y71zUp73Uby4vbyZi0s9xIXd2PUljyazZmDE4oA+z/Fn/BWL46eICw07U9L0JG7WunISPoX3Vw03/BSH9oaeYH/hYt3F7RwRKv8A6BXzJRQB9XTf8FJfjvqvhzVNE1HxVFqFpfWzW0jy2qeaoYgZQjHNch+x38ZPD/wJ/aH8NeMvFOnvqem2jSKzJ963eRSpmHrtLN9ea8AzUiOe57UAf1CeF/E+neMvD9jrOk3Md7pd9Gs0N1EciRSMgit1fzr8r/8Agj/+0dc3Nxq/wj1m482CFG1DRfObPlj/AJaxL/s/x1+qK0AOooooAKKKKACqWsWCarpt3ZSY2XELxNn0YYq7WD4t1yPw1oOqazO4jg0+1luXY88Kuf6UAfhJ+xlpcvh39v7wnpnl7fsev3UGz/ZTza/eqUZCe4Ffz0fs/fHbR/hZ+0/H8TfENhcala299eX629syiVpZd+37/wDv1738U/8AgsH8VfEs80fhDTtL8IWbDasmz7VcfUs/y/8AjtAH7Mi03EGnTWZCiv53dY/bf+O2uTvJcfE/xGjP95ba+aJT+C8V2Pw2/wCCknx2+Hupw3E3jK58UWSt+8sddP2hHX+7u++P++qAP3oxt4pa8K/ZD/a78NftXeDHvrGMaX4hsRjUdJd9xjb+8jfxI3rXup4OO9ABRRRQAUUUUAFFFFABRRRQAUUUUAFFFFABRRRQAUUUUAFFFFAAOtSKM1GOtTRDJoA+CP8Agq9+03f/AAw+HWn+AtBvntda8SFmvJITtkitEP8A47vf/wAdFfjS90wkzlZDnJZlzuPqa+wf+Cr+t3upftieIba5YtBZabp8FuD2RrdZT/49K9fGtAD8g/jT452ikV0dkdTlWU4I+hqHJoyaAP04/Yi/4Kh3HhaKw8EfFeSS70RF8q08RuS0tsvRUn/vL/t1+qnhvxJpvirSLXU9G1K11XTLlQ8N1aSiWN1PcMODX8ueTjFe5fs7/tg/En9nHUi3hjWGm0p23TaNefPay/8AAeq9P4cUAf0ailr4W+AX/BVz4Z/FCCCy8YP/AMIDrzHYftjb7SRu22Xov/A6+0dC1211/TYNR0+9g1KwnUNFc2sqyRyKe6svWgDYopByKWgAopAc0tABRRRQAUyn0ygD8v8A/grf+1Bq3h64sPhP4ZvWtEvbf7XrcsTbGaNuIos9h8pavyekkaZzJISzH1r7L/4KxaTdaf8AtfatdS/6q/061mh/3dhT/wBkr4wOQaAAmiiigB2RRkU2igB2fejjOabRQAZ5zRnNFFABRRRQAUDiiigD6B/YQ8V3PhT9rL4aXNvO0Kz6tFZTAH70cuY2B9ua/omAxX8737A3hCfxf+1r8OLeKMyJbakl7JjskXzk/pX9EVABRRRQAUUUUAFfLf8AwUf+Jq/DH9krxncJN5V9q6x6NaYP3nnbDflEJG/CvqSvyG/4LJ/GT+1fG3hz4cWM6+RosX2+8hX/AJ7yj5N3/bP/ANCoA/NVyXJY8sTkmo26089KY3WgBASOhxR1NFFAH0j+wF8YLr4O/tNeD76O6FvpupXaaZqKMMq8Mp27j/usQa/oBnGfLcdDX80/wMtZdR+MXgm0hGZp9aso1PpmdK/pcmXEcK+goAhJyaKD1ooAKKKKACiiigAooooAKKKKACiiigAooooAKKKKACiiigAHWpEOKjHWng4oA/Kv/gsV8A7xPEOh/FexgL2NzBHpWpOq/clXcYXb/eX5f+2dfmIVHPFf0+eMvBuj/EXwtqHh3XbGHUtK1CBre4tp1DK6EV+YXxf/AOCMmrHVby7+HfjSyfT3YyRadrcbI0Of4fOTdu/74oA/Lw9aK+y9b/4JMftC6WW+yaJpGtKOhsdWiXP/AH92Vyd9/wAE1v2j9NXc/wAN7iT/AK46hayf+gy0AfMFFfQk/wCwH+0DanEnwu1w/wDXNEYf+hVVuP2Fvj7D1+E/iI/7lru/9BNAHgtd78Nfjp46+EF39p8H+KdV8PS7gxFldMsbn/bTo1d5B+wz8ebjj/hVfiMf9um2p/8Ahgj4/np8Ldf/AO/A/wAaAPcfAH/BXz4w+FYIYvEFpo/i63TjNxB9nlP/AANO/wCFe8+GP+C2WhS7R4i+Geo2suBubTtSSRfrtdUr4ft/+CfH7Q1yf+SZasg/6aNEv/s9asH/AATY/aMuuU+GlxH/ANdL+2j/APQpaAP1H+HH/BU34GePtkNzrNz4WvX48rW4PKQH/rou5a+l/CPxN8KeOLdLjw/4l0nWo5RlTY3scv8A6CTX4Z23/BMD9pG4YY8BpEe5l1iyA/8ARtdfof8AwS5/aVtJlnsbSy0OfAyw12NSPxioA/cbeKdX5DXHwJ/bk+B3ho6ppXjK91aC266TY6s2oSkD/plKvzD/AHK8/tf+CpX7Rfw4law8SWemSXSnDx6ppJt5fzXbQB+3NM57V+POi/8ABaTx9Z7RqPgfQr3/AKaLcSr/AI1tf8Pr/ER/5p3pP/gbJ/8AEUAesf8ABX39n2bxn8OdL+JmlWvm3vhp/I1ARr8zWsjffP8AuN/6HX43kHPQ1+gfjz/grv468aaJf6UPBXh+30+9jaCeC433COjJtK18CXbiW4kkwItzH93/AHaAK1FTW9pNeOUhjaVvRBmuy8NfA/4geMJfL0XwXr2ptjP+jafK2R69KAOHor6Gsv2Af2gNQgWWH4Y6yqNyBMiRt+Rapx/wTu/aH7/DLVP+/kP/AMXQB85YoxX0d/w7v/aG/wCiY6p/33F/8XQf+Cd/7Q3/AETHVP8AvuL/AOLoA+caK+k4f+Cdv7Q9xx/wrLUUP+3PAv8A7PU4/wCCbX7Rh6fDS9/8DLX/AOO0AfMtFfTX/Dtn9oz/AKJpe/8AgZa//HaP+HbP7Rn/AETS9/8AAy1/+O0AfMtGK+nI/wDgmr+0bI2P+Fb3Se8l9aKP/RtW/wDh2J+0ntz/AMK5fHtq9h/8foA+nP8Agjb8DGm1TX/ipfwGOCBDpemu4+8zf61x+A2/Wv1k61+FWk/sJ/th+H7OK00vQ9b02xBJSCz8T2sSKe52Jc1qQfsc/ttxA4tvFUfuPGEH/wAlUAfuFRX4fn9jv9t9ui+Kv/Cwh/8AkmrVv+x3+3BAeLjxOP8AucE/+SaAP22pDX4rD9k79ujte+J8f9jdH/8AJNH/AAyb+3T/AM/vif8A8LCP/wCSaAP1K/aZ/aJ8O/s4fDa/8S6/LG1wqMtjpwb95dz/AMCL6HvX89fxQ8fap8U/HmueK9bmM+qatdPdTPnIBY52r/srnH4V9T+Mv2Av2t/iA0T+JtCv/EEkHywtqfiG3nMa+g3SmsGD/glb+0jcIGPg6yiHTD6xajH/AJEoA+Q2OTSYr7AH/BKT9o0/8yrpv/g5tv8A4unj/glH+0b/ANCvpn/g3t//AIqgD48or7DH/BKT9onPPhjTR/3F7f8A+Krtfhd/wSG+L/iPW/L8WyaV4S0ZD+8uRdJcyP8A7qJ/7NQByX/BLn4D3fxR/aQ0zX5YQ2jeFV/tKV2GVM/SFfru+b/gFfuXOwMmB0AxXnPwI+BHhf8AZ08B2fhfwvZlYxg3V5IP3l1LjmWU9zXoLdTQAlFFFABRRRQAUUUUAFFFFABRRRQAUUUUAFFFFABRRRQAUUUUAFFFFAAGI7mjJzRRQA8XRUYBwKPtZPU5pvFHFAE4u2x1o+1moMj3oyPegCYXOOgH5Uv2s1Bke9GR70ATm7z/AHKX7aT3Wq/5UflQBP8AazQbs4NQZHvRke9ADxdDPQVg+KfAHg/x0u3xB4e0vWlI2lb60Sbj/gVbRCnqKTYgOdtAHims/sIfs9eIyTefC3QVJ6/ZY2tf/RTLXPT/APBNP9mqY+Z/wraDPtq1/wD/ACRX0XsHpUmOMdqAPnix/wCCdn7N2nkFPhlYSkdDcXlzJ/6FKa6bRv2NvgRoBBsPhj4XSVf+Wk2nLK3/AH09evbRjHaloAw9C+HXgvQohHpXhbRdOUDG2DT40/ktdCJIoBtgijUDsg2ioQoHQUEA0AWBdsOBtU+lH2hyfvZqDac8sKaVA/hJ+lAFoXT/AN0Ufan/ALq1U+Wj5aALf2hv7i0fan/urVT5aPloAt/an/urR9qf+6tVPlo+WgC2blj1RTR9qf8AurVT5aPloAt/aX/urS/a3P8ACPzqpsHpRsHpQBb+1v8A3R+dH2t/7o/OqmwelGwelAFk3D+ij8KQ3D+qj/gNV+P8tR/wE/nQBY+0yf31/wC+aT7Q+Mblx6bag/4Cfzo69j+dAFkXTjuPypftT+tV/LX0/Wjy19KAJzcS+tN8+Tu1RDI7Cly3t+VAEhdipGetRUpbikoAKKKKACiiigAooooAKKKKACiiigAooooAKKKKACiiigAooooAKKKKACiiigAooooAKKKKACiiigBuwelGwelOooAKKKKACiiigAooooAKKKKACiiigAozRRQAUUUUAFFFFABRRRQAUUUUAFFFFABRRRQA3YPSjYPSnUUAN2D0pQoBpaKACiiigAooooAKKKKACiiigAooooAKKKKACiiigAooooAKKKKACiiigAooooAKKKKACiiigAooooAKKKKACiiigAooooAKKKKACiiigAooooAKKKKACiiigAooooAKKKKACiiigAooooAKKKKACiiigAooooAKKKKACiiigAooooAKKKKACiiigAooooAKKKKACiiigAooooAKKKKACiiigAooooAKKKKACiiigAooooAKKKKACiiigAooooAKKKKACiiigAooooAKKKKACiiigAooooAKKKKACiiigAooooAKKKKACiiigAooooAKKKKACiiigAooooAKKKKACiiigAooooAKKKKACiiigAooooAKKKKACiiigAooooAKKKKACiiigAooooAKKKKACiiigAooooAKKKKACiiigAooooAKKKKACiiigAooooAKKKKACiiigAooooAKKKKACiiigAooooAKKKKACiiigAooooAKKKKACiiigAooooAKKKKACiiigAooooAKKKKACiiigAooooAKKKKACiiigAooooAKKKKACiiigAooooAKKKKACiiigAooooAKKKKACiiigAooooAKKKKACiiigAooooAKKKKACiiigAooooAKKKKACiiigAooooAKKKKACiiigAooooAKKKKACiiigAooooAKKKKACiiigAooooAKKKKACiiigAooooAKKKKACiiigD//2UayrAgAAAAAGGUSp/+7vcYQ+JNtiz18aA==', 1, 1);
INSERT INTO `employee` VALUES ('E230214151152', '0283f8d03740676e973208137453671d', 'ZWL', '男', '14725836912', 'ZWL@hzu.com', NULL, 4, 1);
INSERT INTO `employee` VALUES ('E230214151524', '57d89fc3cd574e8536bc87ce2e80a079', 'WKL', '男', '15935726841', 'WKL@hzu.com', NULL, 2, 1);
INSERT INTO `employee` VALUES ('E230214151620', '78eba9551c499f057ebb8bf8e571274d', 'CZC', '男', '15935726841', 'CZC@hzu.com', NULL, 3, 1);
INSERT INTO `employee` VALUES ('E230214151751', '13ebe298ff20b9a9ecb23912908f692d', 'XJH', '男', '15935726841', 'XJH@hzu.com', NULL, 3, 1);
INSERT INTO `employee` VALUES ('E230214151831', 'b35dfcd70efe998dcfc94847d8bcb83b', 'WZX', '男', '15935726841', 'WZX@hzu.com', 'data:image/jpeg;base64,/9j/4AAQSkZJRgABAQAAAQABAAD/2wBDAAMCAgMCAgMDAwMEAwMEBQgFBQQEBQoHBwYIDAoMDAsKCwsNDhIQDQ4RDgsLEBYQERMUFRUVDA8XGBYUGBIUFRT/2wBDAQMEBAUEBQkFBQkUDQsNFBQUFBQUFBQUFBQUFBQUFBQUFBQUFBQUFBQUFBQUFBQUFBQUFBQUFBQUFBQUFBQUFBT/wAARCAH0AfQDASIAAhEBAxEB/8QAHwAAAQUBAQEBAQEAAAAAAAAAAAECAwQFBgcICQoL/8QAtRAAAgEDAwIEAwUFBAQAAAF9AQIDAAQRBRIhMUEGE1FhByJxFDKBkaEII0KxwRVS0fAkM2JyggkKFhcYGRolJicoKSo0NTY3ODk6Q0RFRkdISUpTVFVWV1hZWmNkZWZnaGlqc3R1dnd4eXqDhIWGh4iJipKTlJWWl5iZmqKjpKWmp6ipqrKztLW2t7i5usLDxMXGx8jJytLT1NXW19jZ2uHi4+Tl5ufo6erx8vP09fb3+Pn6/8QAHwEAAwEBAQEBAQEBAQAAAAAAAAECAwQFBgcICQoL/8QAtREAAgECBAQDBAcFBAQAAQJ3AAECAxEEBSExBhJBUQdhcRMiMoEIFEKRobHBCSMzUvAVYnLRChYkNOEl8RcYGRomJygpKjU2Nzg5OkNERUZHSElKU1RVVldYWVpjZGVmZ2hpanN0dXZ3eHl6goOEhYaHiImKkpOUlZaXmJmaoqOkpaanqKmqsrO0tba3uLm6wsPExcbHyMnK0tPU1dbX2Nna4uPk5ebn6Onq8vP09fb3+Pn6/9oADAMBAAIRAxEAPwD9O6KKKACiiigAooooAKKKKACiiigAooooAKKKKACiiigAooooAKKKKACiiigAooooAKKKKACiiigAooooAKKKKACiiigAooooAKKKKACiiigAooooAKKKKACiiigAooooAKKKKACiiigAooooAKKKKACiiigAooooAKKKKACiiigAooooAKKKKACiiigAooooAKKKKACiiigAooooAKKKKACiiigAooooAKKKKACiiigAooooAKKKKACiiigAooooAKKKKACiiigAooooAKKKKACiiigAooooAKKKKACiiigAooooAKKKKACiiigAooooAKKKKACiiigAooooAKKKKACiiigAooooAKKKKACiiigAooooAKKKKACiiigAooooAKKKKACiiigAooooAKKKKACiiigAooooAKKKKACiiigAooooAKKKKACiiigAooooAKKKKACiiigAooooAKKKKACiiigAooooAKKKKACiiigAooooAKKKKACiiigAooooAKKKKACiiigAooooAKKKKACiiigAooooAKKKKACiiigAooooAKKKKACiiigAooooAKKKKACiiigAooooAKKKKACiiigAooooAKKKKACiiigAooooAKKKKACiiigAooooAKKKKACiiigAooooAKKKKACiiigAooooAKKKKACiiigAooooAKKKKACiiigAooooAKKKKACiiigAooooAKKKKACiiigAooooAKKKKACiiigAoopMjOO9AC0UYNIeOtAC0Um4etLQAUUUUAFFFFABRRRQAUUUUAFFFFABRRRQAUUUUAFFFFABRRRQAUUUUAFFFFABRRRQAUUUUAFFFFABRRRQAUUUUAFFFFABRRRQAUUUUAFFFFABRRRQAUUUUAFFFFABRRRQAUUUUAFFFFABR0oo74oAUtUTnJxUwTNPENAEOeaU8da86+I37R3ww+EkUr+KvG2jaXLHw1qbhXn+nlr81fNfjr/grv8ABzwwsiaHY6t4nlXhWhg8qNz7M1AH22kTyfdUkevanmzI9j9a/JzxZ/wWp8USiRfDXw+0uyDZCy6pdSTbffahUV414n/4Kv8Ax+8QRGO31nSdGHQNp2nBT/4+WoA/ckW44HmfPT/siAcy81/PNr37d3x58Q5+1/EfV1B/595Fi/8AQRXFX/7S3xU1SYyXXxB8RzE/3tRl/o1AH9J32VD0kp32TPRwa/mus/2j/inZf6n4geIo/wDuJzf/ABVdRpn7afxv0vHkfEvXRt6eZc7/AOdAH9FBs27YNRtbOP4a/BPw7/wU2/aE8Oyq3/CaDUkX+C/s4pQf/Ha9Q8N/8Fk/jDpn/IV0LwzrXb5raSD/ANAegD9mTER1Bplfmr4R/wCC1WnTiOHxR8PLi1Jxum0u8WRR+DLXvXgX/gqN8BvGKwx3niC58PXTnDJq1syIp/31+WgD6wpCcda53wd8UfB3xEtUuPDXibSNbhYZzY3iSfpXUiH0/wDHqAK+4/3TRuP9004iRT90Y9qTMnoKAFooooAKKKKACiiigAooooAKKKKACiiigAooooAKKKKACiiigAooooAKKKKACiiigAooooAKKKKACiiigAooooAKKKKACiiigAooooAKKKKACiiigAooAzR/+ugArP8AEviLSPBWhz6xrup2uk6bAMy3N5IsUaj3avnn9rn9u3wT+y5YS2ERHiLxtJF+50W3f/Vf7U7/AMK/+PV+N/x//am+IX7R+ttqXi/XJJrVHMlrpcEjJa23+7H0J5+97GgD9L/j5/wV38EeCBcad8OdNm8Z6mmVF7KfKs1P16vX5+/GP9vr4z/GiWW31HxQ+j6U5OLDRwbaMDsCV+Y180ck+tLsNAFm5vpbyd5ppHmnkOXlkOSTUG4r3zTSAOlAPrQAFi3U5pMnHWiigAooooAKKKKACiiigAooooA1tB8Tap4dvUutLv7nTrpPuzWkzROPxUivp34S/wDBS/43/C0RW8viH/hKNPjG0WutDzuP9/73618mZxS7j60Afs78Dv8Agrr8PvGpt7Dx7pk/gvUmwpuVbzrJj67h8wr7k8M+J9F8b6Nb6toWpW2q6ZON0VzaS7kb3r+X+vUfgt+0r8QP2f8AV47/AMF+IbvTfm3S2Rk32k3s0R4NAH9IBjA6VGSAcV8Yfslf8FMvCPx2ktPDvjJYfCnjJhsjV5MWN2f+mbt91vZvSvtSW0DKJVbKnkEHINAEdFA5GRRQAUUUUAFFFFABRRRQAUUUUAFFFFABRRRQAUUUUAFFFFABRRRQAUUUUAFFFFABRRRQAUUUUAFFFFABRRRQAUUUUAFFFFABRRRQAU1/umnUUASRDNfHn/BQf9uW1/Zs8Mt4W8KTxXHxA1KMiIqwK6dER/rG/wBr+6K+gvj18XNM+Anwk8Q+M9VlSRNMtzJDAx5mmI/dRD/eav54vif8RtZ+J/jfV/FOv3b3uqancG4nd2Jxnog/2V+7QBha/wCIL7xTqt3q+r3ct9qd1IZZ7mZizyM3JJrIZuwoY56U2gCSEZNfc3wN/wCCUnxA+Mfw907xXc+JNJ8L2+qQLcWdtdRPPK8bchm2/dr4WRtpr9Vv2b/+CsnhHwL8J/Dnhjxj4f1J9R0OwisFn01FdZVjUIp5b+6q0Acv/wAOS/Gh/wCak6F/4Lpf/iqD/wAES/Gn/RStC/8ABdL/APF190fs2fts+FP2qtT1S08KaHrUEGmxo899fQKLcM3RNwb7/HSvfdZ1e10jTpr68uI7Szt43mmmlbARF+834UAfzdfH74DeJP2d/iDd+EPE8UQv4EWVJ7dt0U0bDKsprzMjFfRv7dv7Q1p+0h8etS8QaUhTQ7OJdOsCTzJFGW/en/e3Vyn7N/7Lvi79p/xXeaL4XNvB9gthc3l3etsigTtk/hQB41QBmvv8f8Eavi738Q+FwPXzpf8A4iuW+KH/AASv+LHwq8Dat4muLrSNZtdOha6nt9OkfzvKQEsy7lHagD4pooPU0UAFFFFABRRRQAUUUUAFFFFAE8M7QsrqSrqcqwPQ1+pX/BOz/gobNJc2Hwy+Jl+LiFwlto2uTj5s9Ft5m9f7rV+V1WLW4a0lWRHKsCDkUAf1FzgRxRmPkHmoxyK+RP8Agmp+09N8evg8dF124Fx4r8NBbWd2b57m3C/upf8A2WvsAp/s4oAjooooAKKKKACiiigAooooAKKKKACiiigAooooAKKKKACiiigAooooAKKKKACiiigAooooAKKKKACiiigAooooAKKKKACiiigAHWnqMsB70wdalh/1i56ZoA/L3/gs38YJyPAfw6srnEUqya3fxqcZGdluD/5Fr8spzljX2X/wVn1iXUf2ttRjd8i20qyhUDsNhY/+hV8XEk0AFFFFABXZfCv4ea18V/Gml+FPD8JudU1KdYoo+w65Y+w/rXGqMmv2k/4JffsgxfCPwOvxB8R2ajxXr9ustrHMvzWNo4O3/gT0AfTn7M/7PWifs3/CrSfCGkbJZoY1lvrsLta6uSPnc/0+pr4f/wCCrf7X50+3l+DvhW82T3CCTxDcwNzGnVLb8erV96ftAeJfGPhX4W6vdfD/AMPyeI/FskfkWNqkqIEduPMYlhwvWvxb8SfsA/tK+INS1DVNV8B311qN5M1zcTvdwMZnbLO33/6UAfKvJOeua9v/AGX/ANqvxf8Asp+KrzXfCsVje/b4Ps13ZalG7RSqOV5R1IbPcV5H4i8Nar4N1m60rWdPuNN1G2cxzWt1GUkQj1Br1T9lX9nvWf2l/ixp3hfS1aKyH77U70j5bW3H3n+vYUAfrt+wr+1H8Uv2o9N1XxB4l8M6D4d8J2uILa5s1n824uP4tu9yu1a5f/gp3+1ba/CH4X3Xw+0edW8WeKrZ4pdoyba0IKu5/wBps7Vr33xZq3hj9kb4BvLpGmyDSvD1kltYaXZRtM883RF2L/E7feb/AHq/CP45+JPGvxH8da1428Z2GpxX+pTbmlu7Z444RgbIkJH3UHFAEX7N/wALtM+Mvxe8P+D9W12Lw3YapL5cuoSbdy/L91d38ROa/Sa3/wCCLXwyuf8AVfEvxBL/ANc0tm/9lr8nNG0W98Q6xZ6XptrJfX95MIYLeEZd2Y8ACv2h+EPgvwz/AME2/wBlTUvEnito7vxVqEaSXex8vdXJT93aRf7Kf/FNQB+bv7cf7LWj/ssfEPTfD+jeJbjxHFeWQu3F5Giz23zFdj7OM5FfM7Dk13Xxh+KGufGb4haz4v8AEFyZ9Q1OdpCAfljXJKovsBxV34M/BfXvjx8Q9J8GeF4En1O+bHmSHakS4yzsfQUAeb4Ioxmv0W+Kn/BHrxb4K+Hl5rWgeMbPxPqunwPPc6YLRod21clYWy24/wC9sr872QrnIxjrQBDRjFBPNfX37IX/AATz8U/tR+HpvEkurReF/C8c5gF1JAZpbhl++sSj+7QB8g0V9MftffsO+KP2Ub2wur6/h1zwzqBaO21W2iZAsi/8s5FP3Xr5nIxQAUDrRRQB9X/8E1fi1L8NP2pvDVu9w0On68/9lXC7sKd/3M/8CC1+9dxx7V/Mv8Hr5tN+Kng+7Rij2+sWcoYdsTpn+df0yXBM0Ub0AQ0UUUAFFFFABRRRQAUUUUAFFFFABRRRQAUUUUAFFFFABRRRQAUUUUAFFFFABRRRQAUUUUAFFFFABRRRQAUUUUAFFFFABRRRQAUA46UUjfdNAHwR/wAFUf2Ux8TPAsPxL8OWobX9Bi2ahFGvz3Nnn7x/2o8f+PvX41MhUkEYIOCDX9R4hiuIpIZo1lhkBV43GQwPBGK/FH/gov8AsSTfs/8AiyTxf4as2l8A6xcHmNcjTp3OfKbH8P3tp/CgD4bopWGGIHIB60lAEsGN3Nfvv8I/2/Pgj45+Hui3d9490Twrfi2jW40fVLhLaSFwu0rh+GX02+lfgMDimZoA/o2i/bQ+AqHLfFzwhnGMf2rFx+tEv7Z3wGdXdPi14RbaOQNWi/xr+cum0AfTH7e/xi8NfHb9o/WPEnhNN+kC2jtkugmz7SY1O6XFerf8Ez/2tPh/+zReeM7TxtJcacNb+zyQ6lBbPcBfK8z5CqDcB85/SvhJXKg47jFJk+tAH71t/wAFR/2aZF/eeN7jd3B0S9/+NGvG/wBq/wD4KFfs/wDxE+BPi7wxod9L4m1XV9PltLSB9IljEMrD5Jd8qLtCN81fj1Sgkd6APdP2PPjN4a+Avx90Pxl4p0qTV9JsllXbAitLDIy4WVAeNy9q/SXxL/wVQ/Zs8YW1vba/4a1/XYIWDxxX+kW06I3qN8v3q/GbNGaAPoz9tz4vfDj40fFK31v4a+Gx4d0lbRYph9kS2M8g/jKJx+VXf2B/jzpH7PX7QmmeINeRv7CureXT7yZBk26P0lx32lV/M18zZNBYnvQB+/3xL/b7+B/g3wNqmq6f450jxFqKwMbXStLuPMnnkK/Im0dP+Bfdr8D9T1E6hqN5cYx9okaTZ9WzVHNJ3z3oAaevpX61/wDBM39sr4beCvgnD8P/ABl4g0/wnqejyzTW9zqMnlQ3MUsry4VzxuBd+PpX5KUu7kUAfpr/AMFSv2rvh78VfC+h+C/BetWnie4trr+0brUNPl8y3jGx1WMN91m+b+H2r8yT1NSg5qI9TQAUUYxWv4c8O33iTWLLS9NtZL/Ub2VYLe1hXc8jnoAKAPZv2KPgdqXx1+P/AIX0azjZbK2u4tQv7krxFbxOrP8A99fd/Gv6Hbz5FRB2FfLv7A/7J1r+y/8AC9JtThSXxtraJNqcp6wL1S3X/ZXk/wC9mvpqWQyuSaAG0UUUAFFFFABRRRQAUUUUAFFFFABRRRQAUUUUAFFFFABRRRQAUUUUAFFFFABRRRQAUUUUAFFFFABRRRQAUUUUAFFFFABRRRQAUUUUAGSOlZ3irwpo/j/w3feH/EFjDqOmXsRhmt513q6n+VaNIML6j6UAfhl+3D+wbrv7NOtz65pKSap4AupC1vfKpL2xY/LHLn/0KvkDZjmv6idY0jT/ABPpFzpOsWcN/p90hjlt5kDI6H+8DX5b/tif8En9Qs7jUPFfwgMd5aMTNL4akIEqAZJ8hv4v9z6UAfl7QRmtXxD4a1Lwtqk+narZTWN5CxR4pkKkH8ayyMUAJTadTcGgAooooAKKKKACiiigAooooAKKKKACiigDNADqO9dP4L+Gnij4hahHY+HNB1HWrpzxHZW5kNfbvwD/AOCRXjzxsLfUviFqMHgrS2wxtUAlvSPoflX8aAPijwB8PfEPxO8SWvh3wvptzq+r3jBYbW2jLM3+8egFfsx+w9/wT50j9nOCLxZ4qWPWPH86cSKP3GnKRykX95v9qvffgV+zh8P/ANnfQ10zwVo0VmzKBcahIN1zM3+3Kef+A+wr1GR9w65oAi/nRRRQAUUUUAFFFFABRRRQAUUUUAFFFFABRRRQAUUUUAFFFFABRRRQAUUUUAFFFFABRRRQAUUUUAFFFFABRRRQAUUUUAFFFFABRRRQAUUUUAFFFFADvX34NLnPBJxSUUAeO/Hz9kn4aftGabJF4o8O2v8AaCL5cGqWoEd3Ge3zj7w/2T+lfm18cf8AgkP8QfBf2i++H9/b+NtNXLLYybbe9A9AG+Vvzr9h/wD9dSCZsYbDD0NAH8y3jT4YeKfh7qT2Pibw/qWg3cbFZIr61ePy/qcVy5ABIGCPWv6fvEfhPQfGdibPXNJs9Wtj1hvYUlX8mr50+In/AATW+AXxD86QeE38OXkuS1zoVy1uSfXZ8yfpQB+BNNr9ePFf/BFTwheb28O+PtW0/H3Y761iuM+xK7K8t1z/AIIseNbBHbTPG+i3p7JPFJH+tAH5s0YzX3rcf8Eb/jIozDq/hyYnsbl1/wDZarj/AII6fG0n5r/w1H9b1v8A4igD4SwaApPav0I03/gjL8V551F94m8N28XcxySP/wCyiu30T/giXrLkf2p8SLW39fsmns3/AKE9AH5gUV+zPhr/AIIz/C/Tgj694q13VpF6iNooVb/x0n9a9u8F/wDBO79n/wAEBPsvgG21C4TpPqk0tz+jNtoA/BTwz4R1jxRfLaaXpN9qV1JxHDaWzSs35CvXPEX7Evxs8LeBpfFmq/DvVrDQ4l8yWWVE86FP7zw7vNUe+3Ff0C+FPB3hvwTaC08P6Fp2jQoMbbG3SMf+O1rXcEOoW0lrcQrNbSLskjYZDCgD+WwjBIru/gl4XXxb8W/BuiSRiddS1a1tTEf4laVQR+Vdn+2b8MrP4Q/tI+OfC2nKY9NtL95LSL+5FJ84H/j1esf8EuPhPN8Q/wBqbQtSlh83TfDKPqtwWHAcKViH13t/47QB+3Phvwdofgmwit9C0fTtJtQBsis7ZYl/Na1muZWJyR+Bp857Dp2FRUAM9fzooooAKKKKACiiigAooooAKKKKACiiigAooooAKKKKACiiigAooooAKKKKACiiigAooooAKKKKACiiigAooooAKKKKACiiigAooooAKKKKACiigdQPWgAxRipQhOODmlEJNAEOKMVY+zt70hgIFAEFFBGDSZ5x3oAWjkcUjAkcdakOLe3Msn3f43d/u0ANBPYmp90rAZOfrVC51vTbfSf7TlvbaKwjTe93I6+Wq/71fF3x4/4Kw/DH4W3k2leFbafx9rETFHazl8qyVvTzf4vwWgD7g3SjuajNxMDjJ/OvhH9j/wD4Ka3H7R/xitPAWueFIdCudTilawuLOdpQXjjaVlcMP7iNzntX3fInNACm4c96a0zEcuKi2Y59KdtoAQnd15ooooAjJ2sccVZhqs4OTxVmHpQB+Df7c+maj8YP24/GuleG7G41TUpb2KyhtbWPzHd1RVOB9a/U79g/9lKP9mH4SG31ERyeMNXf7Zq0y8lc8JEP91f/AB6vaPDfwn8F+CNa1LWNE8OabpesanK8t1qEUH7+dmyzbpfvfrXWvIM8fSgBsj7jUbNinHpnFRE5NAEtFFFABRRRQAUUUUAFFFFABRRRQAUUUUAFFFFABRRRQAUUUUAFFFFABRRRQAUUUUAFFFFABRRRQAUUUUAFFFFABRRRQAUUUUAFFFFABRRRQAnHeq2u69pHhLRrjV9b1O30vTbdd011dt5caD/easj4ieONE+F3gnVfFfiK8jsNK0qE3M0krDGP7o/2m+7/AMCr8KP2wf2zfE37UnihpZ5n0vwpbSONN0OJsKik/fl7MzUAfefx+/4K8+E/Cc11pXww0tvFt6uUOr3waCzA9VX77/8AjtfIXiv/AIKt/H3X53e01zTNFjb7kVpp0T4/F91fGruWPNNoA+qYP+CmP7Rluf8AkfGPs9jbsv8A6BXqvwy/4K/fFTw7cxJ4vstK8V2QI3FYhbyj33L8v8q+AieOvFJQB/RZ+zZ+1n4B/an0Ka68J3Tw6vaorXmj3g2XEG4e/wB5f9ta9lNrt6rtH1r+az4H/GLxF8CPiLpfjHwvOYdTsZASh/1c0f8AHE/+yw4r2f4t/tvfGz9pbUZNNOsXun6e8nyaD4cjeFQO6sU+eX/gbUAftf4o/aA+F/gW6+z6/wDEHw9pFxnBivNRiRh9Ru4r8s/+Cjn7c138UPFNx4D8Aa5Jb+CdOYpdX1hNtbVJe53Jz5S9P9qvJPhh/wAE5fjz8V/Ivm8Ky6LZTfvftuvSfZiynvsf5/8Ax2voew/4IteKJNKd734gabFqO3KwxWDumT1G/P8ASgD4Ab4weM4/BR8IL4n1NvDBm+0HSzcv5BfGM7M4ri8lmyTknkk1+g/wy/4JO+Or/wCN66D41lW18GwQrdz61pxyt0u/HlR5+65/Ra/UDQ/2WfhX4W8Ijw1p3gTQk0cpseCaySVpB/tufmagD+fT4MfFfWfgh8S9C8b6CU/tTSZHeJZfuPuRkYMPQq7V+l/wx/4LL6He3sNn4+8Fz6VHJtVtQ0u485Ij/eaJ/mrS/ae/4JLeGde0u51r4TO2hayimUaFcOz2lx/sxMfmibjv8vT7vf8AJ/xB4c1Pw1q95pmpWFxa31nK0FxFJGQyOpwVOaAP6XvCnifS/H/hnTtd0C+j1DSb+NZ7e5iOUkStM20ua/n8+Fv7dXxp+Cng+y8M+GPFSWeg2gfyLK40y3lCbjk/M8Rb/wAer2Dwz/wWC+N2kyKNSt/DmtQjGVlsGic/8CjfA/KgD9pvLPem1+ZfgT/gtLYSzonjHwFJb54afSbsOB77XGa+tPg/+3h8F/jhcQ2WleMbXT9YlA26brJ+ySMx/hQv8rn/AHc0Ae+lsngZo3kdfl+lSeWrAEEOp6FemKBEB0+X60AMznHekC5PA5FeWfFD9q/4SfBR5I/FvjnSbO9RQf7PhmFxdn/tlHuavmHxh/wWO+E2jTsmheHdf14jjcyR26/+PN0oA+8SkpHHIqLuRX50f8PrfC5niz8ONUji3/Oft6fd/wC+K9q+FX/BT/4G/FC9hsLzV5vCeozOAsesx+XCSegEq/Kf+BYoA+sFJHUHFPpttLBfWkV1ZzJc2sqhkkjIKkeoIqTGKAG0UUUAFFFFABRRRQAUUUUAFFFFABRRRQAUUUUAFFFFABRRRQAUUUUAFFFFABRRRQAUUUUAFFFFABRRRQAUUUUAFFFFABRRRQADrUife/xqMdaliGXFAH5l/wDBZj4z3emaN4R+GdhM8UGob9V1HacCVFbZEn+7uDN+VflCTk+tfd//AAWM8z/hqSw8z/V/8I5bbP8Av7JXwaaAHUU3Bqa1tZbuYQwxtLK33UUZJoAYOvrXsPwE/Zg+IX7ROr/ZfBuhT3VrG+yfUJPltrf/AH3/APZa+zv2Mv8Agl3c+KoNO8ZfFiGey0mRFns/Dcfyyy+8zfwL/sfer9U/CHhDSfA+gWujaDplto+l2yBIrOziEcaD2AoA+Bfgf/wR08GeHIbe/wDiTrN54m1BcMbDTn8i1T/ZLfff/wAdr7c+HvwO8D/CuzjtvCXhLStD2Lt861tkVyP9/G7Nd8vAp9AEcMQiXA69zUlFFABRRRQAVzEnw48L3Usktz4d0meWRy7ySWMTMzepJWunooA8+1n4B/DfxGrJqXgXw/dA9d2nRj+QFeJ+Pf8Agmv8CvHsNww8IjQLluk+jzNCwPsv3a+rMUYoA/Jf4u/8EY9W08TXnw48WR6mOSlhrkXlyj285PlJ/wCAV8JfFr4D/EH4E6wtj4z8N32gTsf9HuJVPlzf7kq8V/StWF4r8G6R410ubS9e0yz1nS51KzWl7AssbA9sGgD8VP2TP+ClfjD4A2kmh+L/ALV4y8Lopa3hklzd2r442O38P+y3rXK/tA/8FIfi38dnntbfUP8AhDvD8ny/2do8jIzr/ty/ebPFfV/7UP8AwSMsNV+3698Hrw6ZdEGU+HL5v3D/AOzDJ/B3+Vq/L/xp4D8Q/DjXrnQ/E2mXOjatbHEtpdJtdKAMa9vZLueSaeR5pnYs0jnLMfrVQtk80rHBptABk+tKjsjBlYqw5BBwRSUUAfa37DH7fGufADXbLw74ovrnVvh/dSLDJBM2+TT8n/WRf7PqK/bPTtYstd0y11LTriO8sbqISwzxHKujDKsK/l3DEdCa/ZH/AIJF/tDSeOfh1qPw01i68zU/DQ8yw8xslrR2+5/wB/8A0KgD79AxxnPvS0YxRQAUUUUAFFFFABRRRQAUUUUAFFFFABRRRQAUUUUAFFFFABRRRQAUUUUAFFFFABRRRQAUUUUAFFFFABRRRQAUUUUAFFFFABT0bkUyjOOaAPyt/wCC1Pw4kh17wF43iBaOe3l0qd9vdW81P/Q3r8wR1r+h39t/4GP+0L+zb4j8P2savrdoq6lpZcf8t4sMEB/213J/wOv57Zo2gneB4CjqxBVhgg0AQqN3QZr9e/8AgnZ/wT0tfCNhY/En4i2MU+vTIJdN0maLctmp5WV8/wDLX/Z/hrxn/gl1+xdD8SNcj+KHjGw8zw1pk+NIspUwL24U585s/wACdh/E3+7X7DwxIsS4UIMYwKAHRxrEioihFUYCqMACnYoxjgUUAOApaKKACiiigAooooAKKKKACiiigAooooAQgGvD/wBpb9knwF+0x4bksvE2nRxamiEWms28YFzbnt83df8AZr3GmHnrQB/On+1H+yP4x/Zh8YPp2v25udGuJMadrUCEwXadj/st/s814Njmv6cfiz8KPDPxl8IXPhnxZpkWp6Rcj5kZRvRuzI38LD1r8MP20/2MNd/ZU8YZRJtT8FajMTper7Mn18qb0df/AB6gD5dooooAK+uf+CWPjKbwt+2P4WtA+LbWbe7sZkPR/wBw8iD6741r5Gr6I/4J9RTv+2N8LjAuWXU8n6eU/wDjQB/QZdptkK9jUZ6Yqa6H7xPUcVCf9ZigAooNFABRRRQAUUUUAFFFFABRRRQAUUUUAFFFFABRRRQAUUUUAFFFFABRRRQAUUUUAFFFFABRRRQAUUUUAFFFFABRRRQAUAZIFFS2qBpCx6Dk0AeE/tj/ALUemfsqfCx9aaCK+168c2mlaeTxNL/eYf3Ur8UfhN4D179rX9oXTtKRBa3XiHUmm1Ce0j2RW8TNukfH+7n/AMdr1r/gp98aP+Fp/tP6ppFrN5mjeF1TS4FB+UzD5rhx/wAD+X/gFfXX/BHj4AjQPh/q3xP1OHbf6xK1lYb1wRap95h/vP8A+gUAffXw/wDA2lfDrwlpXhrRLcW2laZbpbQRgfwqK6gDFNjxjgYzT6ACiiigAooooAKKKKACiiigAooooAKKKKACiiigAooooAQjNcb8UPhh4e+L/g7UfC/ijT49Q0m/QpJA4yQf4WU/wn3rs6TaCelAH88n7Yv7J2sfsr/EubSplku/Dl9mfS9RZfkeLn5G/wBtc+tfO7IF4BzX9J/7RXwB0H9o74a6j4R8QKUScFrW8Rcvay4+V1r+e742/B7X/gd8RNY8I+I7b7PqOnylSQMLNGSdkq/7LAfpQB56Bk4r7V/4JLeBJfFX7Wul60UzbeHLC6vHYjozxNAv/o39K+LVXnIr9r/+CUHwBuPhd8EpfGGpW32fWfFkguIY5V+eOyH+pz7Py+P92gD7jnOZh+dRtyTT5OZT9KZ/CaAEopF+6KWgAooooAKKKKACiiigAooooAKKKKACiiigAooooAKKKKACiiigAooooAKKKKACiiigAooooAKKKKACiiigAooooAKo+Ktdj8K+ENY1hmCixs5bks3QbU3VerxD9uLxN/win7JXxLvQ21n01oA47+Yyof8A0M0AfgkYtU+LHxQ2W+651TxBqpSMHq0k0vX82r+j74RfD+0+GHw18OeFbGNI4NJsYbT5OhZVG4/i26vxD/4JlfDgfEP9rnwqZ4fOsNDim1abI+XdGv7sf9/Xir92NV8Qabodsbi+v4LKIcZnlWL/ANCoA11FPrgI/j58NmmMA8eeHPOX+A6rBu/Ldmuv0nW7LXLRLqwuoby2f7ssDhlP0IoA0KKTrS0AFFFFABRRRQAUUUUAFFFFABRRRQAUUUUAFFFFABRRRQAmK+OP+Chf7ISftJfDGTWdCtAnjvQ4mksJCMNcxfee2b8vl/2q+yKiK+3FAH86f7IHw28NfEP9o7wv4Y8cXn9k6JPdbZ0lQjzZlPyW7d13t8tf0L2FjBpOn29jawrBbwIsUUSABUUDsBX4z/8ABUX4FR/Bj48ad428Nwtp1n4lMl2WgJCRX6v+8ZB/DxtfFfox+w5+0lb/ALSvwI0zV551bxTpapYazADl1mXhZP8AdcfN+dAH0Ix3HrnNIx7elKOMk02gAoooYEDpQAYOOlA5GRTyBBCZZpBHF71zdx8TvAtjP5d34u0W2m/uSajEv/s1AG/vX1o3j1qDTPEWh69Hv03VrG/UjO62uElH/jtXTF3zQBHRQRSdaAFooooAKKKKACiiigAooooAKKKKACiiigAooooAKKKKACiiigAooooAKKKKACiiigAooooAQjIxXyp/wVF1L+zv2M/FUStg3NxaQfgZlz/IV9Wou5q/Pz/gsz8RbfRvg14T8GJKFu9Y1P7bLGDz5UKHr/wN1/KgD80/gT+0Z4q/Z2vtfvfCL2dtquqWoszf3EXmPBHv3N5Y7buOa5Lx78WPGHxM1F73xN4j1HXp3JJa7uWbPsF9K4scmk6UASO+0/7X8q9M+Ef7RPxD+C2pQ3XhLxbqekspx5CTF7dl7q0bHbivL6M0AftN+x7/AMFONG+Ml5Z+E/iL9m8O+LWxFBfK2y1vH9Pm/wBW3+Fff9fyw29y0EiSRkxyIcq6nkGv3t/4Ju/Hy5+O37OWm/2pdG68R6BIdMv5XbLTBeY3P/ACo/CgD60opB0paACiiigAoopM80ALRWJ4s8Z6N4G0G91rXtQg0vSrNDJPdXDbVQCvzP8A2kf+CwaWNxdaJ8JdI888ofEOqrhfrFb9f+BP/wB80AfqS0ir1YD6mse88YaPYSmKfVLGCUdVmuVT+dfzo/Eb9q34r/Fe5d/E3jrWbyFyT9mhumgi5/2EIWvMJtTuJ3LSXMsjdcySM5oA/qJs9Zs7+MPb3UFyD3glDj8xVsHIzX8veieM9c8N3AudK1u+0y4H3ZbS6eNh+XNe8fDH/gob8b/hc6JbeM7nXLJf+XXWl+0qfxbmgD+g+ivzf+A3/BYjwh4pki0/4l6NJ4Vv2IX+09O3T2bn1ZPvx/8Aj9foT4b8U6V4t0W01fRr+DUtMu0EkF1bPvjkX1BoA16KQMCM0tABSEZpaKAPjX/gql8Jv+Fi/st6hqVtAZdS8MXcerxFeoQfJIP++Xz+Ffmj/wAE8P2jX/Z9/aC043140fhfxAV07VEY/Km7/VSexRz/AN8lq/dnx74Xt/G3gzW9Au0WS21KzltJFb0dSP6g1/NF438O3fgDx7rmjzhob3StQlt3B4Ksj/8A1v1oA/ppfBjBFRKp2jiviX4D/wDBSH4Sab8EvBieOPF62/iiGwihv7dLaWWRWT5Pm2r/ALKn8a7zSP8Agpz+zxq9z5K+MpLU5wGu7GaMfqtAH1CkTN2x718qftjft++E/wBmG3l0ax8vxF43f7mmRzfLb+jzH+H/AHaP2vv26fC/wi+BSa/4K1my8Q65rxNroz2cyyJGwGXmbHQJ0/3mWvwy8T+ItR8W61eavq15LqOqXkpmubuZizyuTySaAPX/AI0ftjfFX466lLN4h8WXMdgZS8em6cxt7aP0UKvX/gXpXh1zcyXE7NLI7Mepdsmq5BBpKAN7w/4w1vwncpNo+tX+lzKch7S6eLH/AHzX1z8Dv+Cpvxd+FU9taeIb2Lx3oSYV7fU+LhU6fJKv/s4Y18UU4DHSgD+k34EfHLwv+0V8PrLxV4auUlhnUxTWshXzLWXHzRuvrXoOMcV+JH/BLP8AaBuPhX+0BY+E7mdhoXi5lspI2+6tz/yzf/2X8q/b6eMBg46N/OgCCig9aKACiiigAooooAKKKKACiiigAooooAKKKKACiiigAooooAKKKKACiiigAooooAKKKQjP/wBagBxuYrKF7ieRYoY/vM5wBX4D/t4/tAp+0N8e9Y1axl3+HdMZtN03/bjjP+sx6u3zV98f8FR/2xYvh14Qk+FvhK/U+JtYjKapcQt89laZHyf78g/8d+tfjjI+44B4H6+9ADDwaKngs5LqRI4FaeV+iIMmuktvhl4snXzIvCutSj/pnYzf/E0AcpRXR6h4C8SaeDJe+H9TtIx18+0lTH/fS1gMuGIoAjr9O/8Agil4gmj8XfEHQvNYW0tlb3giJ43q7IWx+FfmMea/T/8A4In+GpZPEHxB8QOuYha29kDjvuZqAP1nooooAKKKKAEPFcn8RviBovwu8Jan4n8RX8en6Pp0RlmmfqB6Cutr4B/4LKeKLnRf2ctA0y2mMa6rr8STKP4kSKVv/QttAH57/tmfto+J/wBqHxbNEJbjSPBlpMRYaKsmFOOksv8Aek/9Br5iJznJyfWmySl2ycn60zNAAetAOKKKACiiigBQxByDX1L+xv8Atu+Jv2W/FEUbvNrPgy7cC/0l3yFH/PWL+64/8er5ZozmgD+nL4Z/EnQPi54K0zxR4avUvtGv4hLbyoc4yOVdf4WX0rtV+6O/FfiF/wAEw/2srn4OfEuDwNr16w8H+JJlijMrfJZ3Z+449A/CtX7dwtuiU+1AD6KKKAGHnrX4Ff8ABSz4fjwD+154wEUXlWmseVq0KjpiVSHx/wBtEev33PSvyI/4LT+D00/4ieAvEqJiS+06Wzlf+8YpNy/+h/rQB3/7Fn/BP34OfGD9mjwz4s8UaddarrOrpI008V5JGYdrMgRAvTG3P41P8R/+CL/hi/hM/gjxld6PNyRb6xD50R9BkbW/M1L/AMEafi1Nr3w/8WeALmTcdEuI7+0B7RyjawH/AAJP/Hq/SoDjB5oA/nz+Of7B3xi+BjTzat4dm1zRLYZXVdHY3Nsq9vl++n/Alr5va3lizwRs+9ntX9TLwxuCGRSPcV8iftQf8E5/hr8eLW91HTNPh8H+MHBkXV7CPbDO3/TxF91/9771AH4OkhucUyvZf2gf2X/Hn7NnihtL8W6RJBbuD9m1SEb7W5X1R+gP+z97g14xigAp44plPAzQB2nwYvZrH4ueCJ7ZnjnTXLEoyHBB89K/pkvPljCjtX8+H7Bfwtn+LX7Uvgawjg8yx028TVr58Z8uGBg+f++tq1/QZdsfl+lAFYdBS0GigAooooAKKKKACiiigAooooAKKKKACiiigAooooAKKKKACiiigAooooAKKKQnaM0AL3xXy5+39+18n7MHw+t7HRGhm8b64kiWEUnzrbouN87qOoUHIzX1MgwPN7V+GX7Rmp6/+2v+3Fe+HNAl86Ca/Gi6ecZit7WLh5f93h396APlbxZ4o1Txv4j1DXNZvJL7VL+Zp57iU5aVmOSf89KxSNp5GPavpb9s79kjVv2TfHVlp7XE2qeHtSgD6fqrrs3suPMRvRlP/juK+aJG3MTQB98f8Eir3wND8ddZ07xNZ2U+tXunA6LLd7TtkU7pVTdxu2c/8ANfs8i20Y+WVFHoHAWv5cLO+nsZ45oJXilQhldGIZSDkEEV083xW8Y3NoLaXxVrL2w6RHUJto/DdQB/Sl4hu/DsNoRrU+l/ZWyG+3PHs/8AHq/Ab9uyTwPP+0l4mb4exWCeHR5a500DyGuAv73bt+X7392vB7zWr/UOLm+ubgf9NZS38zVMHjA6UANYYNfvP/wTC+Cc3wh/Zo0271GERax4jlOqXCYwY0biFD/wDDf8Dr8uP2EP2X7v9pH41abb3UDjwlpLrfatPj5SF+ZIgf7zt/47X762NjFp0EdvBGIoY1VEReAAtAGhRSA5FLQAUUUUAFfnB/wWuhP/AAqH4fXPUR67IhHb5rdv8K/R+vjb/gqp8OJPH/7KOrXVvGJLnw/eQ6oBjJ2LuR8fg9AH4Qsc80tDKRwRjHUHtRQB7N8IP2Rvij8c9JudU8H+E7rV9Pt28trgssSM/ojE/NXpUP8AwS9/aFuQCPBaxZ/hkvoRj/x6vtX9kb/gol8EfAfwI8M+F9anl8I6jpNstvcWzWrzCWUDmVWX+9x2r19/+Cp37PFsOfFl5MfRNMmP9BQB+T3xh/Ye+LfwL8Ht4k8XeGltNHjkWKS5trhZ/KJ6F9vQV89tjtX6jft2/wDBSLwH8YPgxe+Bfhy15fS6wyi+vLy2e2SGJG37VRvvMzIo/wD11+XB60AFA60UUAXbG8lsJknhYpcRkNG4P3TX9IX7K/xLPxZ/Z68B+LJZBJcajpkRmI/57IPKkz7742r+bKv36/4JiW8sH7EHw6SbrsvpEP8Astf3DCgD6r60tIpyoNLQAV+cf/Babw2b74Q+CNaC5FjrDwE46CWL/wCwr9HK+F/+Cw9p537JkcoGWg8QWb/gVlB/mKAPib/gkT4l/sf9qR9MJO3VNKuIioOA23a2K/b49a/Bb/glic/tl+FD/wBO91/6Iav3poAfSHpS0UAcD8WPg/4Z+M3g688NeKdMi1bSrpSNroC6HsyH+Fv9qvwz/bR/Yu8Qfss+MM/vdU8IXxJ07VWXkDtFJ/t1/QSelcF8W/hJ4e+M/gbVPCXiWwjvdJvkKyAKN6P/AAyKezCgD+ZdhjI71LAMmvV/2lv2e9a/Zu+KWo+FNYHnwqTLY3yj5LqAn5Xz+hr63/4JpfsNL8T9Stfid4xijm8J2NzusNPYZF9Mn8Tf7CsPxoA+n/8Agl5+ytL8HvhfP438Q2vleKPFCpJFHIv7y3sv4Eb3flvxWvt2V5XkJ7DpTklwpjiRYo1IQbQB7Hj0/wAaM0AM579aKKKACiiigAooooAKKKKACiiigAooooAKKKKACiiigAooooAKKKKACiiigAo60UUAcr8ZPFC+Bfg54z8RyMUTS9KubvcOo2xsa/MP/gjZ4PXxR8WvHnjG/Ky3mn2CRI8gyQ87vuYfhHX3J/wUL8QP4d/Yw+JdwjY82yitD9JriKI/o9fI/wDwRNkiNr8UI8fvx9kJP+z++x/M0AffH7QvwE8PftH/AA71Lwf4jgxFKN9peBQZLWYD5ZEPr7fWvwY/aN/Za8Zfsz+LpdF8S2RktZJGNlqduC1vdR9irf3v9nrX9HuBnOK5D4j/AAu8M/Frw3ceH/F2iWevaTOfmhvIg2w/3kPVW9CKAP5je+KToa/X74r/APBGzwr4h1C6uvAnii78OCRiY7HUY/tUMfsr53/99V5rp3/BE7xSt0rX/wAR9J8gdorCXcf/AB6gD8yc19Kfsu/sRePP2m9Xi+wWv9j+GBt+069eRlYVX/pl/wA9Gr9MPgr/AMEnPhH8N7iC/wDEa3fjrUIm3qmokR2iN7RLww/3s19paPo9h4e0+Gw06zhsLOFQkcFvGERQOAAFoA86+AvwD8Lfs4+ALLwv4YtVWCJQ9zdyr+9uZMcyOe5/lXoGp67p+jxrJqV/b2KOcI1zIsYY9wC1auA3Jr8+f+CxHgjWNc+CHh3xBpizG10TUHe8SP8AgWVNu4/8CoA+9LDxLpepgfZNQtbnPeKZWH5g1p1/LtaeKdb00xfYtWv7fb08q7Zf/QWr0Hwh+1H8XPAF0txoXxA8Q2Mg6g3zTIf+AvuWgD+kjNLXx1/wTq+P/wASPj98NL/VfHVlGYrWdbex1ZI/La8Cg7yy569K+xaACsnxN4fsvE+i3mm6hClxZXUTRSxuMgqRg1rUnWgD+eX9s39lbVv2YfihfaXLG03hu+kafR748rLD/dY/3l6fnXzr61/RV+13+zhpn7Tfwn1LwvciO21WL/SdKvSuWhuV+6P9xvut/vCv5/vH/wAPtZ+GHi/UvDXiKyfTtW0+Typ4HX7rj+anrmgDkycminP94/d/Cm0AFGec0UUAKTxSUUqjNAG94H8Hah498T6ZoOlxtNqGoXMdrBGq5LM5wK/pN+DHgCL4VfCrwl4TtVVotJ06C1O3oWVQHP5k1+dv/BKX9ju6s7mH4w+LNPMaFGXw/b3A5/utdY+m5V/+vX6ljjpQA4DAxS0UUAFfEP8AwV9mEP7Icynky67ZqPykNfb1fnx/wWd8QJY/AHwlpDHB1DxAkg5/55RPnP8A33QB8bf8EldAk1D9rayvMfJYabdSt/3yqf8As1fubX5I/wDBFvwa934s8deK5Ysx2ttDYI/+277m/Rf0r9bx1oAdRRRQAUmBmlooA+QP+CjH7MafH/4H3l/ptureLfDaveWMgX5pkxmWH/ga/wDjwFfn3/wTT/axuPgd8UI/BGv3bR+DvEMyxfvj8tldZ2pJ/ut91q/bl4925SAVbqD0NfgF/wAFAvgk3wE/aa8QQafGbbR9Vl/tjTWX+BJCGZBx/A5YUAfvmw+d5Bs2H9aZkbeOlfP37Bfxu/4X3+zX4d1i8mEutacraVqW77xmiwA5/wB9NjV9AhQBxQAlFFFABRRRQAUUUUAFFFFABRRRQAUUUUAFFFFABRRRQAUUUUAFFFFABRRRQAUUUUAeE/t5+E28Z/sf/EzToxulTTPtipjr5EiTH/0XX5wf8EivipZ+Cfjtqvhm9cRJ4ms/Jt5Ccf6RGQ6J/wACG4V+xev6Ha+KPD+paPeRiS2vrWW2lU9CrqVI/I1/ONr9hrnwD+Nl5b2rTWOteGNafyJlOHjkilGxx+S0Af0spgop9RSYrzT9nD406V8fvhFoHjPSyqC/gBuIFOfInHEiH3Br03NACDNGzPWnUUAJgUAAUtFABWL4p8Nad4w0W90fWLOO+0y9iaC4t5V3LIjDBBrapMUAfmB8V/8AgjNa6z4rubzwH4zj0TR5T5iadqdu0nkEk5VWXnFWvhZ/wRm0DR9XS68eeL5tdtYjkWOlRG3Wb13u3zflX6akA0YFAHPeD/BeifD/AMOadoXh/TINJ0iwhSC1tbZAqRoBjFdFSYFLQAUUUUAMeJX7YPqOtfJ/7av7EPhv9qrQpdTtzFo/juygK2uqquUnQfdil/vL6N/DX1nRQB/NT8Y/2b/H3wD1ybTvGXhy80/DYhuhGXt51/vJIODXl5Az0r+o3xV4S0bxppb6br2lWesWDg7re9hWVD+Br5b8b/8ABLv4BeNLmW4XwzdaFPJ1Ok3jxJ/3x92gD8FB1qQAYr9uNP8A+CPPwMtp8zXHiK7H/PN78IP0WvVfAX/BPD4EfDpo3sPBFtqF1Gfln1dmu3/N6APxH+EP7NPxH+N95HD4Q8IajqiMcG8MDJap/vSn5a/S39mP/gkj4c8EXFpr/wAU72LxLqqlJItItv8AjyjPpL3k/wDQeK/RHStGtNDs47SwtIbO2jAVIoUCIo9AFGKtum4g4oAisLC30yzhtbWFLe2hQRxxRKFVFHQADoKtAUijAp1ABRRSHpQAE1+Rn/BaHx0mo/EHwR4Sin8xdOsZb+eIHIDytsQ/XCNX62XMwghkdjtVQSST0r+fv9o3xZf/ALXH7Zmpf2Uz3Mes61Foulxrx+5RhEn/AMV/wKgD9Ov+CUPwsbwB+yzY6rd2zQX/AIlvJdTbf18r/VRD/vmPd/wOvs+ua+HvhOz8CeCdB8OWUYitNKsorRFXoNihf8a6WgB9FFFABRRRQAmK/OT/AILI/CaLXvhP4d8eQQ5udCvvsNy4HJgnHy59hLt/77r9HK8Z/bE+H/8Awsz9mj4haAkYkmn0qWaEEZ/exDzY/wDx9FoA/Pb/AIIw/En7L4q8aeBbiX9zeQRalbxk4AdPlfH4NX6tMu1iD2r8K/8Aglx4hOgftj+FYmbyob+2urN1P8W6Fmx/30lfuvMPnz6gGgCGikLAUtABRRRQAUUUUAFFFFABRRRQAUUUUAFFFFABRRRQAUUUUAFFFFABRRRQAUUUq8EGgCSI/MfWvx5/4K7/AAPHg74wab8QbGAx6b4mtttyyD5FvIgAP++02c/7NfsInyCWSbEMQ/5aGvij9tv4y/Ab4xfDPXvhrqHxG0SDxZF+9sMO8iQXaZKhpUGxf7v3v4qAPiv/AIJkftbR/AT4hzeEvE92U8FeI5kiaWRvksbr+GX2V/ut/wAAr9t4J1njV43DowDKynIYHoRX8tMryQzDaTGyHja2CCDx/T8q/Vj/AIJuf8FCIr2PTvhV8SNQENwoW30LWLp+HHRbeV/XptY/TtQB+oqnIp1QxyAgMDkYzUtAC0UUUAFFFFABRRRQAUUUUAFFFFABRVa5v4bSCWaaRYYoxlnc4Ar4N/aG/wCCtXgH4Z3Vzovgi1bxvrUfyPdpJ5djC3+/1k/4B8v+1QB99dabX42+E/8Agst8QtP8QmbX/C+k6ro5bH2WzJtnRc/wOdxr6n8D/wDBYT4La/bx/wDCQWuueFZ24bzbb7VGp/3o/m/8doA+6sDOe9L1r5l03/gpL+zjqaKyfE2zgJ/hubG6ix/31FUl5/wUf/Z0sBuk+J2nyLnH7i1uZD+QioA+lhxRXxn4h/4K0/s+6KzrZ6vrGulen2DSpV3fjKEFfEv7Sv8AwVh8a/EsS6T8Olm8EaK+VN6HDahP2++P9V/wH1oA/Uz4w/tVfDH4FW0j+L/FVnZXaDd/Z0Dia7YdsRLz+dfD3xW/4LR6LZPNb+AfBd3fyK2Evtal8qIj18pPm/8AH1r8rNX1y71zUp73Uby4vbyZi0s9xIXd2PUljyazZmDE4oA+z/Fn/BWL46eICw07U9L0JG7WunISPoX3Vw03/BSH9oaeYH/hYt3F7RwRKv8A6BXzJRQB9XTf8FJfjvqvhzVNE1HxVFqFpfWzW0jy2qeaoYgZQjHNch+x38ZPD/wJ/aH8NeMvFOnvqem2jSKzJ963eRSpmHrtLN9ea8AzUiOe57UAf1CeF/E+neMvD9jrOk3Md7pd9Gs0N1EciRSMgit1fzr8r/8Agj/+0dc3Nxq/wj1m482CFG1DRfObPlj/AJaxL/s/x1+qK0AOooooAKKKKACqWsWCarpt3ZSY2XELxNn0YYq7WD4t1yPw1oOqazO4jg0+1luXY88Kuf6UAfhJ+xlpcvh39v7wnpnl7fsev3UGz/ZTza/eqUZCe4Ffz0fs/fHbR/hZ+0/H8TfENhcala299eX629syiVpZd+37/wDv1738U/8AgsH8VfEs80fhDTtL8IWbDasmz7VcfUs/y/8AjtAH7Mi03EGnTWZCiv53dY/bf+O2uTvJcfE/xGjP95ba+aJT+C8V2Pw2/wCCknx2+Hupw3E3jK58UWSt+8sddP2hHX+7u++P++qAP3oxt4pa8K/ZD/a78NftXeDHvrGMaX4hsRjUdJd9xjb+8jfxI3rXup4OO9ABRRRQAUUUUAFFFFABRRRQAUUUUAFFFFABRRRQAUUUUAFFFFAAOtSKM1GOtTRDJoA+CP8Agq9+03f/AAw+HWn+AtBvntda8SFmvJITtkitEP8A47vf/wAdFfjS90wkzlZDnJZlzuPqa+wf+Cr+t3upftieIba5YtBZabp8FuD2RrdZT/49K9fGtAD8g/jT452ikV0dkdTlWU4I+hqHJoyaAP04/Yi/4Kh3HhaKw8EfFeSS70RF8q08RuS0tsvRUn/vL/t1+qnhvxJpvirSLXU9G1K11XTLlQ8N1aSiWN1PcMODX8ueTjFe5fs7/tg/En9nHUi3hjWGm0p23TaNefPay/8AAeq9P4cUAf0ailr4W+AX/BVz4Z/FCCCy8YP/AMIDrzHYftjb7SRu22Xov/A6+0dC1211/TYNR0+9g1KwnUNFc2sqyRyKe6svWgDYopByKWgAopAc0tABRRRQAUyn0ygD8v8A/grf+1Bq3h64sPhP4ZvWtEvbf7XrcsTbGaNuIos9h8pavyekkaZzJISzH1r7L/4KxaTdaf8AtfatdS/6q/061mh/3dhT/wBkr4wOQaAAmiiigB2RRkU2igB2fejjOabRQAZ5zRnNFFABRRRQAUDiiigD6B/YQ8V3PhT9rL4aXNvO0Kz6tFZTAH70cuY2B9ua/omAxX8737A3hCfxf+1r8OLeKMyJbakl7JjskXzk/pX9EVABRRRQAUUUUAFfLf8AwUf+Jq/DH9krxncJN5V9q6x6NaYP3nnbDflEJG/CvqSvyG/4LJ/GT+1fG3hz4cWM6+RosX2+8hX/AJ7yj5N3/bP/ANCoA/NVyXJY8sTkmo26089KY3WgBASOhxR1NFFAH0j+wF8YLr4O/tNeD76O6FvpupXaaZqKMMq8Mp27j/usQa/oBnGfLcdDX80/wMtZdR+MXgm0hGZp9aso1PpmdK/pcmXEcK+goAhJyaKD1ooAKKKKACiiigAooooAKKKKACiiigAooooAKKKKACiiigAHWpEOKjHWng4oA/Kv/gsV8A7xPEOh/FexgL2NzBHpWpOq/clXcYXb/eX5f+2dfmIVHPFf0+eMvBuj/EXwtqHh3XbGHUtK1CBre4tp1DK6EV+YXxf/AOCMmrHVby7+HfjSyfT3YyRadrcbI0Of4fOTdu/74oA/Lw9aK+y9b/4JMftC6WW+yaJpGtKOhsdWiXP/AH92Vyd9/wAE1v2j9NXc/wAN7iT/AK46hayf+gy0AfMFFfQk/wCwH+0DanEnwu1w/wDXNEYf+hVVuP2Fvj7D1+E/iI/7lru/9BNAHgtd78Nfjp46+EF39p8H+KdV8PS7gxFldMsbn/bTo1d5B+wz8ebjj/hVfiMf9um2p/8Ahgj4/np8Ldf/AO/A/wAaAPcfAH/BXz4w+FYIYvEFpo/i63TjNxB9nlP/AANO/wCFe8+GP+C2WhS7R4i+Geo2suBubTtSSRfrtdUr4ft/+CfH7Q1yf+SZasg/6aNEv/s9asH/AATY/aMuuU+GlxH/ANdL+2j/APQpaAP1H+HH/BU34GePtkNzrNz4WvX48rW4PKQH/rou5a+l/CPxN8KeOLdLjw/4l0nWo5RlTY3scv8A6CTX4Z23/BMD9pG4YY8BpEe5l1iyA/8ARtdfof8AwS5/aVtJlnsbSy0OfAyw12NSPxioA/cbeKdX5DXHwJ/bk+B3ho6ppXjK91aC266TY6s2oSkD/plKvzD/AHK8/tf+CpX7Rfw4law8SWemSXSnDx6ppJt5fzXbQB+3NM57V+POi/8ABaTx9Z7RqPgfQr3/AKaLcSr/AI1tf8Pr/ER/5p3pP/gbJ/8AEUAesf8ABX39n2bxn8OdL+JmlWvm3vhp/I1ARr8zWsjffP8AuN/6HX43kHPQ1+gfjz/grv468aaJf6UPBXh+30+9jaCeC433COjJtK18CXbiW4kkwItzH93/AHaAK1FTW9pNeOUhjaVvRBmuy8NfA/4geMJfL0XwXr2ptjP+jafK2R69KAOHor6Gsv2Af2gNQgWWH4Y6yqNyBMiRt+Rapx/wTu/aH7/DLVP+/kP/AMXQB85YoxX0d/w7v/aG/wCiY6p/33F/8XQf+Cd/7Q3/AETHVP8AvuL/AOLoA+caK+k4f+Cdv7Q9xx/wrLUUP+3PAv8A7PU4/wCCbX7Rh6fDS9/8DLX/AOO0AfMtFfTX/Dtn9oz/AKJpe/8AgZa//HaP+HbP7Rn/AETS9/8AAy1/+O0AfMtGK+nI/wDgmr+0bI2P+Fb3Se8l9aKP/RtW/wDh2J+0ntz/AMK5fHtq9h/8foA+nP8Agjb8DGm1TX/ipfwGOCBDpemu4+8zf61x+A2/Wv1k61+FWk/sJ/th+H7OK00vQ9b02xBJSCz8T2sSKe52Jc1qQfsc/ttxA4tvFUfuPGEH/wAlUAfuFRX4fn9jv9t9ui+Kv/Cwh/8AkmrVv+x3+3BAeLjxOP8AucE/+SaAP22pDX4rD9k79ujte+J8f9jdH/8AJNH/AAyb+3T/AM/vif8A8LCP/wCSaAP1K/aZ/aJ8O/s4fDa/8S6/LG1wqMtjpwb95dz/AMCL6HvX89fxQ8fap8U/HmueK9bmM+qatdPdTPnIBY52r/srnH4V9T+Mv2Av2t/iA0T+JtCv/EEkHywtqfiG3nMa+g3SmsGD/glb+0jcIGPg6yiHTD6xajH/AJEoA+Q2OTSYr7AH/BKT9o0/8yrpv/g5tv8A4unj/glH+0b/ANCvpn/g3t//AIqgD48or7DH/BKT9onPPhjTR/3F7f8A+Krtfhd/wSG+L/iPW/L8WyaV4S0ZD+8uRdJcyP8A7qJ/7NQByX/BLn4D3fxR/aQ0zX5YQ2jeFV/tKV2GVM/SFfru+b/gFfuXOwMmB0AxXnPwI+BHhf8AZ08B2fhfwvZlYxg3V5IP3l1LjmWU9zXoLdTQAlFFFABRRRQAUUUUAFFFFABRRRQAUUUUAFFFFABRRRQAUUUUAFFFFAAGI7mjJzRRQA8XRUYBwKPtZPU5pvFHFAE4u2x1o+1moMj3oyPegCYXOOgH5Uv2s1Bke9GR70ATm7z/AHKX7aT3Wq/5UflQBP8AazQbs4NQZHvRke9ADxdDPQVg+KfAHg/x0u3xB4e0vWlI2lb60Sbj/gVbRCnqKTYgOdtAHims/sIfs9eIyTefC3QVJ6/ZY2tf/RTLXPT/APBNP9mqY+Z/wraDPtq1/wD/ACRX0XsHpUmOMdqAPnix/wCCdn7N2nkFPhlYSkdDcXlzJ/6FKa6bRv2NvgRoBBsPhj4XSVf+Wk2nLK3/AH09evbRjHaloAw9C+HXgvQohHpXhbRdOUDG2DT40/ktdCJIoBtgijUDsg2ioQoHQUEA0AWBdsOBtU+lH2hyfvZqDac8sKaVA/hJ+lAFoXT/AN0Ufan/ALq1U+Wj5aALf2hv7i0fan/urVT5aPloAt/an/urR9qf+6tVPlo+WgC2blj1RTR9qf8AurVT5aPloAt/aX/urS/a3P8ACPzqpsHpRsHpQBb+1v8A3R+dH2t/7o/OqmwelGwelAFk3D+ij8KQ3D+qj/gNV+P8tR/wE/nQBY+0yf31/wC+aT7Q+Mblx6bag/4Cfzo69j+dAFkXTjuPypftT+tV/LX0/Wjy19KAJzcS+tN8+Tu1RDI7Cly3t+VAEhdipGetRUpbikoAKKKKACiiigAooooAKKKKACiiigAooooAKKKKACiiigAooooAKKKKACiiigAooooAKKKKACiiigBuwelGwelOooAKKKKACiiigAooooAKKKKACiiigAozRRQAUUUUAFFFFABRRRQAUUUUAFFFFABRRRQA3YPSjYPSnUUAN2D0pQoBpaKACiiigAooooAKKKKACiiigAooooAKKKKACiiigAooooAKKKKACiiigAooooAKKKKACiiigAooooAKKKKACiiigAooooAKKKKACiiigAooooAKKKKACiiigAooooAKKKKACiiigAooooAKKKKACiiigAooooAKKKKACiiigAooooAKKKKACiiigAooooAKKKKACiiigAooooAKKKKACiiigAooooAKKKKACiiigAooooAKKKKACiiigAooooAKKKKACiiigAooooAKKKKACiiigAooooAKKKKACiiigAooooAKKKKACiiigAooooAKKKKACiiigAooooAKKKKACiiigAooooAKKKKACiiigAooooAKKKKACiiigAooooAKKKKACiiigAooooAKKKKACiiigAooooAKKKKACiiigAooooAKKKKACiiigAooooAKKKKACiiigAooooAKKKKACiiigAooooAKKKKACiiigAooooAKKKKACiiigAooooAKKKKACiiigAooooAKKKKACiiigAooooAKKKKACiiigAooooAKKKKACiiigAooooAKKKKACiiigAooooAKKKKACiiigAooooAKKKKACiiigAooooAKKKKACiiigAooooAKKKKACiiigAooooAKKKKACiiigAooooAKKKKACiiigAooooAKKKKACiiigAooooAKKKKACiiigAooooAKKKKACiiigD//2UayrAgAAAAAGGUSp/+7vcYQ+JNtiz18aA==', 1, 1);
INSERT INTO `employee` VALUES ('E230214151909', '7d1826c893819f6d1207e26d3cc3da66', 'HYX', '男', '15935726841', 'HYX@hzu.com', NULL, 2, 1);
INSERT INTO `employee` VALUES ('E230214152014', '4e747dea6849308a1f921c15c96c4b01', 'YYT', '男', '13467925822', 'YYT@hzu.com', NULL, 3, 1);
INSERT INTO `employee` VALUES ('E230214152046', 'b776a278b0f01212e5127d2f685403e1', 'WYZ', '女', '15236479522', 'WYZ@hzu.com', NULL, 3, 1);
INSERT INTO `employee` VALUES ('E230214152113', 'd5bab01cb34ad9e37980935c98ce4806', 'HQY', '女', '17956462354', 'HQY@hzu.com', NULL, 3, 1);
INSERT INTO `employee` VALUES ('E230215091405', '664854a392bea8c5a66c956b35c0a677', 'WZH', '男', '15935726841', 'WZH@hzu.com', NULL, 2, 1);

-- ----------------------------
-- Table structure for role
-- ----------------------------
DROP TABLE IF EXISTS `role`;
CREATE TABLE `role`  (
  `role_id` int(10) NOT NULL AUTO_INCREMENT COMMENT '角色ID',
  `role_name` varchar(255) CHARACTER SET utf8 COLLATE utf8_general_ci NOT NULL COMMENT '角色名称',
  PRIMARY KEY (`role_id`) USING BTREE
) ENGINE = InnoDB AUTO_INCREMENT = 6 CHARACTER SET = utf8 COLLATE = utf8_general_ci ROW_FORMAT = Dynamic;

-- ----------------------------
-- Records of role
-- ----------------------------
INSERT INTO `role` VALUES (1, '超级管理员');
INSERT INTO `role` VALUES (2, '一级管理员');
INSERT INTO `role` VALUES (3, '二级管理员');
INSERT INTO `role` VALUES (4, '职工人员');
INSERT INTO `role` VALUES (5, '学生');

-- ----------------------------
-- Table structure for role_authority
-- ----------------------------
DROP TABLE IF EXISTS `role_authority`;
CREATE TABLE `role_authority`  (
  `id` int(10) NOT NULL AUTO_INCREMENT,
  `role_id` int(255) NOT NULL COMMENT '角色ID',
  `authority_id` int(255) NOT NULL COMMENT '角色权限',
  PRIMARY KEY (`id`) USING BTREE
) ENGINE = InnoDB AUTO_INCREMENT = 43 CHARACTER SET = utf8 COLLATE = utf8_general_ci ROW_FORMAT = Dynamic;

-- ----------------------------
-- Records of role_authority
-- ----------------------------
INSERT INTO `role_authority` VALUES (1, 1, 1);
INSERT INTO `role_authority` VALUES (2, 1, 101);
INSERT INTO `role_authority` VALUES (3, 1, 102);
INSERT INTO `role_authority` VALUES (4, 1, 2);
INSERT INTO `role_authority` VALUES (5, 1, 201);
INSERT INTO `role_authority` VALUES (6, 1, 2011);
INSERT INTO `role_authority` VALUES (7, 1, 2012);
INSERT INTO `role_authority` VALUES (8, 1, 2013);
INSERT INTO `role_authority` VALUES (9, 1, 202);
INSERT INTO `role_authority` VALUES (10, 1, 2021);
INSERT INTO `role_authority` VALUES (11, 1, 2022);
INSERT INTO `role_authority` VALUES (12, 1, 2023);
INSERT INTO `role_authority` VALUES (13, 1, 3);
INSERT INTO `role_authority` VALUES (14, 1, 301);
INSERT INTO `role_authority` VALUES (15, 1, 302);
INSERT INTO `role_authority` VALUES (16, 1, 3011);
INSERT INTO `role_authority` VALUES (17, 1, 3012);
INSERT INTO `role_authority` VALUES (18, 1, 3013);
INSERT INTO `role_authority` VALUES (19, 2, 101);
INSERT INTO `role_authority` VALUES (20, 2, 1);
INSERT INTO `role_authority` VALUES (21, 2, 102);
INSERT INTO `role_authority` VALUES (22, 3, 101);
INSERT INTO `role_authority` VALUES (23, 3, 102);
INSERT INTO `role_authority` VALUES (24, 3, 1);
INSERT INTO `role_authority` VALUES (25, 4, 101);
INSERT INTO `role_authority` VALUES (26, 4, 102);
INSERT INTO `role_authority` VALUES (27, 4, 1);
INSERT INTO `role_authority` VALUES (28, 5, 101);
INSERT INTO `role_authority` VALUES (29, 5, 1);
INSERT INTO `role_authority` VALUES (30, 5, 102);
INSERT INTO `role_authority` VALUES (31, 1, 3022);
INSERT INTO `role_authority` VALUES (32, 1, 3023);
INSERT INTO `role_authority` VALUES (33, 1, 3021);
INSERT INTO `role_authority` VALUES (34, 1, 3024);
INSERT INTO `role_authority` VALUES (35, 1, 303);
INSERT INTO `role_authority` VALUES (38, 1, 3031);
INSERT INTO `role_authority` VALUES (39, 1, 3032);
INSERT INTO `role_authority` VALUES (40, 1, 3014);
INSERT INTO `role_authority` VALUES (41, 1, 2014);
INSERT INTO `role_authority` VALUES (42, 1, 2024);

-- ----------------------------
-- Table structure for student
-- ----------------------------
DROP TABLE IF EXISTS `student`;
CREATE TABLE `student`  (
  `usermark` varchar(255) CHARACTER SET utf8 COLLATE utf8_general_ci NOT NULL COMMENT '学生学号，学生的唯一标识',
  `password` varchar(255) CHARACTER SET utf8 COLLATE utf8_general_ci NOT NULL COMMENT '系统登录密码',
  `name` varchar(255) CHARACTER SET utf8 COLLATE utf8_general_ci NOT NULL COMMENT '姓名',
  `sex` varchar(255) CHARACTER SET utf8 COLLATE utf8_general_ci NULL DEFAULT NULL COMMENT '性别',
  `telephone` varchar(255) CHARACTER SET utf8 COLLATE utf8_general_ci NOT NULL COMMENT '手机号码',
  `portrait` mediumtext CHARACTER SET utf8 COLLATE utf8_general_ci NULL COMMENT '学生账号头像',
  `email` varchar(255) CHARACTER SET utf8 COLLATE utf8_general_ci NULL DEFAULT NULL COMMENT '邮箱',
  `college` varchar(255) CHARACTER SET utf8 COLLATE utf8_general_ci NOT NULL COMMENT '学生所在学院',
  `class` varchar(255) CHARACTER SET utf8 COLLATE utf8_general_ci NOT NULL COMMENT '学生所在班级',
  `dorm` varchar(255) CHARACTER SET utf8 COLLATE utf8_general_ci NULL DEFAULT NULL COMMENT '学生所在宿舍',
  `dorm_build` varchar(255) CHARACTER SET utf8 COLLATE utf8_general_ci NULL DEFAULT NULL COMMENT '学生所在宿舍的楼层',
  `father` varchar(255) CHARACTER SET utf8 COLLATE utf8_general_ci NULL DEFAULT NULL COMMENT '学生父亲',
  `father_telephone` varchar(255) CHARACTER SET utf8 COLLATE utf8_general_ci NULL DEFAULT NULL COMMENT '学生父亲电话',
  `mother` varchar(255) CHARACTER SET utf8 COLLATE utf8_general_ci NULL DEFAULT NULL COMMENT '学生母亲',
  `mother_telephone` varchar(255) CHARACTER SET utf8 COLLATE utf8_general_ci NULL DEFAULT NULL COMMENT '学生母亲',
  `counselor` varchar(255) CHARACTER SET utf8 COLLATE utf8_general_ci NOT NULL COMMENT '学生辅导员',
  `counselor_telephone` varchar(255) CHARACTER SET utf8 COLLATE utf8_general_ci NOT NULL COMMENT '学生辅导员电话',
  `role` int(10) NOT NULL COMMENT '学生角色',
  `state` int(10) NOT NULL COMMENT '伪删除 1：存在 0：删除',
  PRIMARY KEY (`usermark`) USING BTREE
) ENGINE = InnoDB CHARACTER SET = utf8 COLLATE = utf8_general_ci ROW_FORMAT = Dynamic;

-- ----------------------------
-- Records of student
-- ----------------------------
INSERT INTO `student` VALUES ('1914080902702', 'c93ccd78b2076528346216b3b2f701e6', 'Jack Gibson', '女', '15935726841', '', 'gijack425@outlook.com', '美术学院', '美术1班', '621', '北苑2栋', 'WFH', '(1223) 59 9604', 'YXY', '21-570-4884', '王萍', '70-1739-5909', 5, 0);
INSERT INTO `student` VALUES ('1914080902704', 'c93ccd78b2076528346216b3b2f701e6', 'Mori Airi', '女', '15935726841', '', 'airi6@outlook.com', '美术与设计学院', '美术1班', '816', '中苑2栋', 'WFH', '15935726841', 'YXY', '15935726841', '王萍', '15935726841', 5, 1);
INSERT INTO `student` VALUES ('1914080902705', 'c93ccd78b2076528346216b3b2f701e6', 'Noguchi Mio', '女', '15935726841', '', 'noguchi5@gmail.com', '美术与设计学院', '美术1班', '523', '中苑3栋A', 'WFH', '15935726841', 'YXY', '15935726841', '王萍', '15935726841', 5, 1);
INSERT INTO `student` VALUES ('1914080902706', 'c93ccd78b2076528346216b3b2f701e6', 'Maruyama Itsuki', '女', '15935726841', '', 'itsukim@gmail.com', '建筑与土木工程学院', '土木1班', '515', '南苑1栋A', 'WFH', '15935726841', 'YXY', '15935726841', '王萍', '15935726841', 5, 1);
INSERT INTO `student` VALUES ('1914080902707', 'c93ccd78b2076528346216b3b2f701e6', 'Wendy Woods', '女', '15935726841', '', 'wendy109@yahoo.com', '建筑与土木工程学院', '土木2班', '112', '南苑3栋B', 'WFH', '15935726841', 'YXY', '15935726841', '王萍', '15935726841', 5, 1);
INSERT INTO `student` VALUES ('1914080902708', 'c93ccd78b2076528346216b3b2f701e6', 'Chung Kwok Yin', '女', '15935726841', '', 'chukwokyin221@outlook.com', '电子信息与电气工程学院', '电子2班', '425', '南苑2栋A', 'WFH', '15935726841', 'YXY', '15935726841', '王萍', '15935726841', 5, 1);
INSERT INTO `student` VALUES ('1914080902709', 'c93ccd78b2076528346216b3b2f701e6', 'Long Zitao', '女', '15935726841', '', 'zitaolo@icloud.com', '电子信息与电气工程学院', '电子2班', '414', '南苑2栋B', 'WFH', '15935726841', 'YXY', '15935726841', '王萍', '15935726841', 5, 1);
INSERT INTO `student` VALUES ('1914080902710', 'c93ccd78b2076528346216b3b2f701e6', 'Tian Yuning', '男', '15935726841', '', 'ytian@mail.com', '体育学院', '体育2班', '601', '北苑1栋', 'WFH', '212-145-2510', 'YXY', '7404 393992', '王萍', '838-913-6530', 5, 1);
INSERT INTO `student` VALUES ('1914080902711', 'c93ccd78b2076528346216b3b2f701e6', 'Heung Kwok Ming', '男', '15935726841', '', 'heungkm1205@gmail.com', '体育学院', '体育2班', '202', '北苑1栋', 'WFH', '21-7614-9242', 'YXY', '5413 684299', '王萍', '838-745-5654', 5, 1);
INSERT INTO `student` VALUES ('1914080902712', 'c93ccd78b2076528346216b3b2f701e6', 'Fred Lopez', '男', '15935726841', '', 'fl9@yahoo.com', '电子信息与电气工程学院', '电子1班', '515', '南苑3栋A', 'WFH', '15935726841', 'YXY', '15935726841', '王萍', '15935726841', 5, 1);
INSERT INTO `student` VALUES ('1914080902713', 'c93ccd78b2076528346216b3b2f701e6', 'Uchida Ayano', '女', '15935726841', '', 'uchidaaya@mail.com', '电子信息与电气工程学院', '电子1班', '325', '南苑2栋B', 'WFH', '15935726841', 'YXY', '15935726841', '王萍', '15935726841', 5, 1);
INSERT INTO `student` VALUES ('1914080902714', 'c93ccd78b2076528346216b3b2f701e6', 'Allen Coleman', '男', '15935726841', '', 'callen3@gmail.com', '电子信息与电气工程学院', '电子1班', '715', '南苑2栋C', 'WFH', '15935726841', 'YXY', '15935726841', '王萍', '15935726841', 5, 1);
INSERT INTO `student` VALUES ('1914080902715', 'c93ccd78b2076528346216b3b2f701e6', 'Sun Zhennan', '男', '15935726841', '', 'zsun@hotmail.com', '电子信息与电气工程学院', '电子2班', '526', '南苑3栋B', 'WFH', '15935726841', 'YXY', '15935726841', '王萍', '15935726841', 5, 1);
INSERT INTO `student` VALUES ('1914080902716', 'c93ccd78b2076528346216b3b2f701e6', 'Tin Sai Wing', '男', '15935726841', '', 'tinsaiwing15@icloud.com', '计算机科学与工程学院', '软件工程6班', '102', '中苑1栋A', 'WFH', '15935726841', 'YXY', '15935726841', '王萍', '15935726841', 5, 1);
INSERT INTO `student` VALUES ('1914080902717', 'c93ccd78b2076528346216b3b2f701e6', 'Okamoto Akina', '女', '15935726841', '', 'akinoka@gmail.com', '计算机科学与工程学院', '软件工程5班', '101', '中苑2栋', 'WFH', '15935726841', 'YXY', '15935726841', '王萍', '15935726841', 5, 1);
INSERT INTO `student` VALUES ('1914080902718', 'c93ccd78b2076528346216b3b2f701e6', 'Kono Kazuma', '男', '15935726841', '', 'kazumak@hotmail.com', '计算机科学与工程学院', '软件工程5班', '321', '中苑3栋', 'WFH', '15935726841', 'YXY', '15935726841', '王萍', '15935726841', 5, 1);
INSERT INTO `student` VALUES ('1914080902719', 'c93ccd78b2076528346216b3b2f701e6', 'Lo Chiu Wai', '男', '15935726841', '', 'locw@mail.com', '计算机科学与工程学院', '软件工程7班', '621', '北苑2栋', 'WFH', '15935726841', 'YXY', '15935726841', '王萍', '15935726841', 5, 1);
INSERT INTO `student` VALUES ('1914080902720', 'c93ccd78b2076528346216b3b2f701e6', 'Lisa Stevens', '女', '15935726841', '', 'stevens119@hotmail.com', '文学与传媒学院', '文学1班', '106', '中苑4栋', 'WFH', '15935726841', 'YXY', '15935726841', '王萍', '15935726841', 5, 1);
INSERT INTO `student` VALUES ('1914080902721', 'c93ccd78b2076528346216b3b2f701e6', 'Nomura Akina', '女', '15935726841', '', 'nomuraakina@yahoo.com', '体育学院', '体育1班', '502', '北苑1栋', 'WFH', '15935726841', 'YXY', '15935726841', '王萍', '15935726841', 5, 1);
INSERT INTO `student` VALUES ('S230215143049', 'b8b27c19124a1eaaf75ea8ae85be1097', 'WZX', '男', '15935726841', NULL, 'WZX@hzu.com', '计算机科学与工程学院', '软件工程7班', '621', '北苑2栋', '', '', '', '', 'WP', '15935726841', 5, 1);
INSERT INTO `student` VALUES ('S230215161135', '94ca167febe7abee596a625179232aec', 'HYX', '男', '14725836922', NULL, 'HYX@hzu.com', '计算机科学与工程学院', '软件工程7班', '621', '北苑2栋', NULL, NULL, NULL, NULL, 'WP', '14725836922', 5, 1);
INSERT INTO `student` VALUES ('S230216084818', '167041867b270a2e6234068887f982d1', 'CZC', '男', '14725836933', NULL, 'CZC@hzu.com', '计算机科学与工程学院', '软件工程7班', '521', '北苑2栋', NULL, NULL, NULL, NULL, 'WP', '14725836933', 5, 1);

-- ----------------------------
-- Table structure for user_authority
-- ----------------------------
DROP TABLE IF EXISTS `user_authority`;
CREATE TABLE `user_authority`  (
  `id` int(10) NOT NULL AUTO_INCREMENT,
  `usermark` varchar(255) CHARACTER SET utf8 COLLATE utf8_general_ci NOT NULL COMMENT '用户唯一标识',
  `authority_id` int(10) NOT NULL COMMENT '权限ID',
  `status` int(10) NOT NULL COMMENT '0: 角色权限存在该权限但删除 1: 添加角色权限以外的权限 ',
  PRIMARY KEY (`id`) USING BTREE
) ENGINE = InnoDB AUTO_INCREMENT = 9 CHARACTER SET = utf8 COLLATE = utf8_general_ci ROW_FORMAT = Dynamic;

-- ----------------------------
-- Records of user_authority
-- ----------------------------
INSERT INTO `user_authority` VALUES (1, 'E230215091405', 2, 1);
INSERT INTO `user_authority` VALUES (2, 'E230215091405', 201, 1);
INSERT INTO `user_authority` VALUES (3, 'E230215091405', 2011, 1);
INSERT INTO `user_authority` VALUES (4, 'E230215091405', 202, 1);
INSERT INTO `user_authority` VALUES (5, 'E230215091405', 2021, 1);

SET FOREIGN_KEY_CHECKS = 1;
